-- phpMyAdmin SQL Dump
-- version 4.7.9
-- https://www.phpmyadmin.net/
--
-- Host: localhost:3306
-- Generation Time: Mar 05, 2019 at 01:58 PM
-- Server version: 5.7.21
-- PHP Version: 7.1.15

SET SQL_MODE = "NO_AUTO_VALUE_ON_ZERO";
SET AUTOCOMMIT = 0;
START TRANSACTION;
SET time_zone = "+00:00";


/*!40101 SET @OLD_CHARACTER_SET_CLIENT=@@CHARACTER_SET_CLIENT */;
/*!40101 SET @OLD_CHARACTER_SET_RESULTS=@@CHARACTER_SET_RESULTS */;
/*!40101 SET @OLD_COLLATION_CONNECTION=@@COLLATION_CONNECTION */;
/*!40101 SET NAMES utf8mb4 */;

--
-- Database: `eapi`
--

-- --------------------------------------------------------

--
-- Table structure for table `migrations`
--

CREATE TABLE `migrations` (
  `id` int(10) UNSIGNED NOT NULL,
  `migration` varchar(255) COLLATE utf8mb4_unicode_ci NOT NULL,
  `batch` int(11) NOT NULL
) ENGINE=InnoDB DEFAULT CHARSET=utf8mb4 COLLATE=utf8mb4_unicode_ci;

--
-- Dumping data for table `migrations`
--

INSERT INTO `migrations` (`id`, `migration`, `batch`) VALUES
(1, '2014_10_12_000000_create_users_table', 1),
(2, '2014_10_12_100000_create_password_resets_table', 1),
(3, '2019_03_05_205752_create_products_table', 1),
(4, '2019_03_05_205858_create_reviews_table', 1);

-- --------------------------------------------------------

--
-- Table structure for table `password_resets`
--

CREATE TABLE `password_resets` (
  `email` varchar(255) COLLATE utf8mb4_unicode_ci NOT NULL,
  `token` varchar(255) COLLATE utf8mb4_unicode_ci NOT NULL,
  `created_at` timestamp NULL DEFAULT NULL
) ENGINE=InnoDB DEFAULT CHARSET=utf8mb4 COLLATE=utf8mb4_unicode_ci;

-- --------------------------------------------------------

--
-- Table structure for table `products`
--

CREATE TABLE `products` (
  `id` int(10) UNSIGNED NOT NULL,
  `name` varchar(255) COLLATE utf8mb4_unicode_ci NOT NULL,
  `details` text COLLATE utf8mb4_unicode_ci NOT NULL,
  `price` double NOT NULL,
  `stock` int(11) NOT NULL,
  `discount` int(11) NOT NULL,
  `created_at` timestamp NULL DEFAULT NULL,
  `updated_at` timestamp NULL DEFAULT NULL
) ENGINE=InnoDB DEFAULT CHARSET=utf8mb4 COLLATE=utf8mb4_unicode_ci;

--
-- Dumping data for table `products`
--

INSERT INTO `products` (`id`, `name`, `details`, `price`, `stock`, `discount`, `created_at`, `updated_at`) VALUES
(101, 'quia', 'Necessitatibus illo autem modi laboriosam saepe culpa. Et numquam cupiditate reprehenderit aut ratione accusamus non. Eos reprehenderit quisquam voluptatem laborum. Tenetur dolor autem aspernatur est aut. Optio ut itaque aut rerum.', 731, 3, 18, '2019-03-06 02:53:08', '2019-03-06 02:53:08'),
(102, 'ut', 'Nobis quam dolor sint ut exercitationem velit. Sunt cupiditate odio possimus culpa aut ullam. Quam molestias ducimus laborum autem velit non.', 809, 8, 28, '2019-03-06 02:53:08', '2019-03-06 02:53:08'),
(103, 'debitis', 'Laborum natus voluptatem id expedita et. Nostrum ipsam sit corporis repellat. Exercitationem voluptate repudiandae voluptas iure.', 189, 0, 11, '2019-03-06 02:53:08', '2019-03-06 02:53:08'),
(104, 'a', 'Eveniet nihil totam voluptates consequatur nemo aut adipisci. Dolor temporibus quas et aut. Et molestiae facilis quaerat aut voluptatem. Ut modi quisquam dignissimos vitae dolores fugit tempore. Commodi exercitationem sit rerum suscipit.', 899, 9, 17, '2019-03-06 02:53:09', '2019-03-06 02:53:09'),
(105, 'architecto', 'Et voluptatem et expedita est. Aut dolorem autem odit excepturi ut dolor. Deleniti deserunt sed autem rem placeat amet voluptates. Veritatis nemo dolores dolor voluptatem non rem consequatur voluptatem.', 986, 1, 7, '2019-03-06 02:53:09', '2019-03-06 02:53:09'),
(106, 'dicta', 'Praesentium quo ut omnis eum aut porro. Aut earum et cum qui voluptatum. Vitae quidem impedit sunt aspernatur quae.', 964, 7, 20, '2019-03-06 02:53:09', '2019-03-06 02:53:09'),
(107, 'minus', 'Mollitia voluptatibus cum consequatur perferendis error. Ratione ipsa repudiandae sunt enim est quibusdam quis. Sit et ut voluptate laboriosam quasi cum numquam et. Dignissimos saepe molestiae est laudantium tempore.', 419, 5, 8, '2019-03-06 02:53:09', '2019-03-06 02:53:09'),
(108, 'nesciunt', 'Voluptatibus ipsam eveniet reiciendis saepe odio quo. Temporibus hic voluptate ut id repudiandae necessitatibus nulla. Dolor voluptatem aperiam ipsum aut eum dolorem dicta. Ut voluptas dolorem et et.', 970, 4, 27, '2019-03-06 02:53:09', '2019-03-06 02:53:09'),
(109, 'temporibus', 'Dignissimos beatae odio labore ullam perferendis illum qui. Doloribus eum dolor et sed atque pariatur. Est cupiditate quis nisi.', 832, 2, 4, '2019-03-06 02:53:09', '2019-03-06 02:53:09'),
(110, 'veniam', 'Inventore dicta rem facilis cum dolorem fugit asperiores. Iste doloribus autem quasi et. Qui doloremque blanditiis laboriosam. Dolores dolore commodi delectus beatae aut. Minus corporis omnis mollitia debitis accusamus a.', 723, 7, 5, '2019-03-06 02:53:09', '2019-03-06 02:53:09'),
(111, 'voluptatem', 'Itaque est accusamus voluptatem quo non aliquid quia. Ex reprehenderit rerum dolorem. Optio eos fugit dolorum quos rem ratione ut.', 585, 9, 27, '2019-03-06 02:53:09', '2019-03-06 02:53:09'),
(112, 'atque', 'Consequatur quos ut asperiores sint et. Eveniet voluptas similique perspiciatis consequuntur atque et quos. Porro laborum est et aut necessitatibus. Adipisci mollitia maiores numquam.', 344, 9, 15, '2019-03-06 02:53:09', '2019-03-06 02:53:09'),
(113, 'sint', 'Inventore dolorem libero similique quia qui. A possimus quis soluta saepe est vel iusto. Facilis tempore sint voluptatibus iusto enim ea.', 804, 3, 7, '2019-03-06 02:53:09', '2019-03-06 02:53:09'),
(114, 'velit', 'Rerum rerum ab quos. Provident voluptatem rem pariatur distinctio quis id et unde. Distinctio veritatis veniam aperiam libero vero et facere. Quis et soluta et.', 246, 0, 23, '2019-03-06 02:53:09', '2019-03-06 02:53:09'),
(115, 'et', 'Deleniti qui possimus doloremque voluptates dolorem necessitatibus. Enim nam recusandae adipisci quidem. Qui aut sunt maxime.', 741, 6, 10, '2019-03-06 02:53:09', '2019-03-06 02:53:09'),
(116, 'explicabo', 'Nobis in fugiat aliquam ipsum quam facilis. Voluptatem neque dolor quae. Ut ea doloribus sit praesentium.', 481, 1, 30, '2019-03-06 02:53:09', '2019-03-06 02:53:09'),
(117, 'quas', 'Dolorum reiciendis optio qui nulla. Illum dolores perferendis reiciendis quia nihil. Laboriosam dolorum labore maxime optio laboriosam voluptatum. Deleniti id id soluta cum quia.', 272, 0, 24, '2019-03-06 02:53:09', '2019-03-06 02:53:09'),
(118, 'aut', 'Ipsa adipisci occaecati atque eius. Omnis natus possimus sed magnam optio. Vel pariatur recusandae nesciunt et perferendis in adipisci.', 997, 3, 22, '2019-03-06 02:53:09', '2019-03-06 02:53:09'),
(119, 'qui', 'Ea enim nihil sunt velit qui architecto sint. Nemo iste enim odio omnis. Magnam inventore sed asperiores corrupti modi. Ad ab nostrum neque et labore.', 585, 7, 25, '2019-03-06 02:53:09', '2019-03-06 02:53:09'),
(120, 'sunt', 'A quae nihil suscipit ut. Illo voluptates optio ad. Ab nostrum consequatur ipsam.', 930, 5, 12, '2019-03-06 02:53:09', '2019-03-06 02:53:09'),
(121, 'quod', 'Occaecati voluptas soluta eos veniam sit autem eos. Quaerat ut aut culpa. Sapiente quia aut ut consequatur sit enim ipsa. Pariatur quo quo omnis maiores consequatur officia magnam. Aut officiis reprehenderit optio in minus.', 505, 8, 17, '2019-03-06 02:53:09', '2019-03-06 02:53:09'),
(122, 'quis', 'Sit consectetur asperiores rerum quod. Possimus totam in sunt quam debitis assumenda. Impedit ut deserunt voluptas nihil minima quia in. Ad ut minus molestias aliquam.', 368, 6, 27, '2019-03-06 02:53:09', '2019-03-06 02:53:09'),
(123, 'beatae', 'Blanditiis facilis accusamus consequatur est molestiae aut vel quis. Voluptatibus laborum vel voluptas est. Mollitia aut quam doloribus laudantium velit accusamus sed. Aliquam omnis quasi ut excepturi velit totam necessitatibus.', 500, 9, 13, '2019-03-06 02:53:09', '2019-03-06 02:53:09'),
(124, 'aut', 'Omnis non ut voluptatem inventore in tempore et. Facilis totam est laborum veritatis. Cum architecto ut maiores libero consequuntur aut sunt. Eveniet qui temporibus aut harum ipsum beatae. Maxime sed magnam veniam voluptatem consequatur.', 183, 3, 11, '2019-03-06 02:53:09', '2019-03-06 02:53:09'),
(125, 'autem', 'Quibusdam ut velit beatae ipsa qui ea enim. Voluptatem sed voluptas vel numquam vitae.', 335, 2, 18, '2019-03-06 02:53:09', '2019-03-06 02:53:09'),
(126, 'maiores', 'Adipisci reiciendis assumenda qui non molestiae aut. Omnis molestias enim commodi earum amet deserunt odit. Sapiente vitae perferendis voluptatem repellendus.', 466, 4, 17, '2019-03-06 02:53:09', '2019-03-06 02:53:09'),
(127, 'est', 'Odio voluptas dicta dolor qui ut culpa. Quod id enim natus voluptatem rerum. Error suscipit libero est unde cupiditate non voluptatibus. Sint et deleniti cum voluptate voluptas.', 104, 8, 9, '2019-03-06 02:53:09', '2019-03-06 02:53:09'),
(128, 'aut', 'Eaque quidem aut sit modi ut sint iusto. Amet rerum ab similique praesentium rerum sit porro. Doloribus voluptatum quia et quae illum autem laborum quidem. Reiciendis quisquam facere omnis eaque explicabo architecto deserunt.', 496, 8, 27, '2019-03-06 02:53:09', '2019-03-06 02:53:09'),
(129, 'itaque', 'Eos id sunt beatae. Officia quis alias aut molestiae. Ut eveniet neque dolorum quia occaecati dicta. Consequuntur impedit consequatur est.', 862, 2, 13, '2019-03-06 02:53:09', '2019-03-06 02:53:09'),
(130, 'neque', 'Sunt ut consectetur repudiandae minima. Quia magni quam repellendus et. Qui ipsam eum sequi.', 949, 8, 15, '2019-03-06 02:53:09', '2019-03-06 02:53:09'),
(131, 'qui', 'Quia modi maxime aut et. Sed quo soluta velit quidem. Est ea pariatur aut soluta exercitationem.', 126, 0, 4, '2019-03-06 02:53:09', '2019-03-06 02:53:09'),
(132, 'cumque', 'Et expedita sit et recusandae harum ipsam. Voluptatum voluptas minus vitae. Ducimus totam aliquam itaque occaecati. Voluptate ut eum odio voluptas quidem.', 762, 9, 18, '2019-03-06 02:53:09', '2019-03-06 02:53:09'),
(133, 'neque', 'Dicta velit mollitia molestiae saepe harum quae. Ducimus laborum saepe rerum et tempore. Nostrum aut commodi vel laborum totam beatae aut.', 418, 2, 17, '2019-03-06 02:53:09', '2019-03-06 02:53:09'),
(134, 'labore', 'In laboriosam dolor omnis aspernatur ad est neque sapiente. Fugiat sint enim perspiciatis distinctio. Cupiditate quia mollitia provident. Deleniti ullam assumenda eaque sit accusantium sit.', 216, 1, 22, '2019-03-06 02:53:09', '2019-03-06 02:53:09'),
(135, 'voluptatem', 'Qui dignissimos veritatis architecto quia. Temporibus molestiae fuga officia similique dolor velit ullam. Temporibus pariatur ullam vitae error libero vitae porro dicta.', 647, 6, 30, '2019-03-06 02:53:09', '2019-03-06 02:53:09'),
(136, 'non', 'Explicabo consequatur ipsum sed corrupti veritatis ut qui. Vel quod ut officiis eligendi nihil iusto voluptatum. Nostrum quod deleniti natus eos placeat at reprehenderit.', 518, 3, 19, '2019-03-06 02:53:09', '2019-03-06 02:53:09'),
(137, 'nemo', 'Esse voluptatem ea perferendis et dolorem porro. Fuga ab cum voluptatem enim veritatis. Doloremque molestiae eveniet nulla ad quia consequatur.', 359, 7, 2, '2019-03-06 02:53:09', '2019-03-06 02:53:09'),
(138, 'enim', 'Ratione repellendus vel ut nemo. Hic incidunt quo et vel et voluptates praesentium.', 395, 1, 9, '2019-03-06 02:53:09', '2019-03-06 02:53:09'),
(139, 'assumenda', 'Aut at saepe vel necessitatibus. Qui est et aut qui ipsa. Dignissimos accusantium saepe rerum.', 242, 1, 11, '2019-03-06 02:53:09', '2019-03-06 02:53:09'),
(140, 'laboriosam', 'Reprehenderit ipsam assumenda quam quibusdam eum consectetur. Corporis nesciunt nulla nostrum non est quas. Sunt excepturi perspiciatis et autem. Id dicta eum magni.', 816, 1, 28, '2019-03-06 02:53:09', '2019-03-06 02:53:09'),
(141, 'voluptatem', 'Dolorem iusto omnis adipisci tempore eaque nisi et. Aliquid est et sit nisi minima voluptatum. Veniam sequi accusantium ab eveniet.', 883, 0, 21, '2019-03-06 02:53:09', '2019-03-06 02:53:09'),
(142, 'aut', 'Vel ea unde consectetur et commodi similique et. Labore quidem nam rem magni. Natus recusandae a sunt itaque dolorem voluptas aut.', 434, 0, 14, '2019-03-06 02:53:09', '2019-03-06 02:53:09'),
(143, 'fugiat', 'Expedita iusto vel voluptas ut dolor. Qui suscipit tenetur facilis ut omnis dolor itaque. A sapiente enim sit.', 639, 6, 22, '2019-03-06 02:53:09', '2019-03-06 02:53:09'),
(144, 'consectetur', 'Est impedit consectetur sunt aut voluptatem iusto. Ratione dignissimos tenetur est laudantium nihil deserunt est. Quia est vel quis labore ipsam fuga.', 604, 0, 21, '2019-03-06 02:53:09', '2019-03-06 02:53:09'),
(145, 'ut', 'Delectus est culpa placeat rerum veritatis fuga accusamus. Eos sint in accusamus vel at dicta. Incidunt ipsam dicta voluptas tempore doloribus omnis et.', 597, 4, 17, '2019-03-06 02:53:09', '2019-03-06 02:53:09'),
(146, 'harum', 'Atque voluptas ea nam ut modi. Dicta amet beatae id odit voluptatibus. Beatae molestias est fugiat ab. Libero nostrum unde deleniti aut eum animi iusto aliquam. Ut illo aut omnis occaecati soluta eaque.', 826, 5, 16, '2019-03-06 02:53:09', '2019-03-06 02:53:09'),
(147, 'voluptate', 'Rerum odit expedita laboriosam ea tempore accusamus. Est asperiores ab architecto animi quibusdam maxime. Exercitationem incidunt inventore voluptatem nobis qui ratione. Expedita ipsam quia voluptatum impedit itaque. Molestias iure sapiente aut harum.', 331, 5, 25, '2019-03-06 02:53:09', '2019-03-06 02:53:09'),
(148, 'cupiditate', 'Consequatur vero ut laudantium dolorem et. Nesciunt quia eveniet similique odio asperiores sed beatae. Tempore labore laboriosam quidem numquam ut culpa a.', 417, 4, 26, '2019-03-06 02:53:09', '2019-03-06 02:53:09'),
(149, 'voluptatem', 'Sunt culpa veritatis laudantium molestiae facilis et praesentium corrupti. Unde officia est rerum mollitia nulla minus. Odit molestiae et autem dolorem et tempora dolorem.', 999, 2, 30, '2019-03-06 02:53:09', '2019-03-06 02:53:09'),
(150, 'voluptatum', 'Ut tenetur recusandae non similique neque natus. Fuga et iste libero provident modi quibusdam debitis. Suscipit vitae ut culpa necessitatibus voluptate nihil. Minima qui aut adipisci amet esse. Aut maiores eius quo error minus dolore.', 852, 5, 8, '2019-03-06 02:53:09', '2019-03-06 02:53:09');

-- --------------------------------------------------------

--
-- Table structure for table `reviews`
--

CREATE TABLE `reviews` (
  `id` int(10) UNSIGNED NOT NULL,
  `product_id` int(10) UNSIGNED NOT NULL,
  `customer` varchar(255) COLLATE utf8mb4_unicode_ci NOT NULL,
  `review` text COLLATE utf8mb4_unicode_ci NOT NULL,
  `star` int(11) NOT NULL,
  `created_at` timestamp NULL DEFAULT NULL,
  `updated_at` timestamp NULL DEFAULT NULL
) ENGINE=InnoDB DEFAULT CHARSET=utf8mb4 COLLATE=utf8mb4_unicode_ci;

--
-- Dumping data for table `reviews`
--

INSERT INTO `reviews` (`id`, `product_id`, `customer`, `review`, `star`, `created_at`, `updated_at`) VALUES
(1, 150, 'Roxane Blanda', 'Veritatis est nam pariatur rerum earum. Similique illo autem repellendus ducimus labore iure et iste. Modi facere id omnis. Ipsa ab occaecati dignissimos autem quod repellendus cum.', 0, '2019-03-06 02:53:09', '2019-03-06 02:53:09'),
(2, 149, 'Thelma Spencer Jr.', 'Sunt sunt ipsam dolor est. Assumenda quidem fugiat voluptate blanditiis. Quis aut ut qui non nihil. Necessitatibus voluptatem perferendis ut voluptas possimus.', 3, '2019-03-06 02:53:09', '2019-03-06 02:53:09'),
(3, 101, 'Oral Grant PhD', 'Accusantium hic consectetur aperiam. Ipsum harum voluptate in incidunt at asperiores. Nostrum ab voluptatibus rerum non est quia dolore.', 0, '2019-03-06 02:53:09', '2019-03-06 02:53:09'),
(4, 116, 'Jaiden Hoeger', 'Facilis fugiat iste laborum corporis ducimus quidem enim. Porro optio quis nesciunt vel voluptates odio. At inventore consequuntur suscipit.', 2, '2019-03-06 02:53:09', '2019-03-06 02:53:09'),
(5, 117, 'Coy Thompson', 'Repudiandae omnis dolores dolor amet amet tempora. Quaerat dolores inventore id ratione. Eius corporis optio dolores veritatis sint velit nesciunt reiciendis. Molestias odit ullam quo soluta.', 3, '2019-03-06 02:53:09', '2019-03-06 02:53:09'),
(6, 115, 'Jasmin Heller III', 'Sed aut repellendus sed commodi omnis. Pariatur minima doloribus rerum explicabo delectus explicabo. Id alias saepe vero possimus fuga et.', 5, '2019-03-06 02:53:09', '2019-03-06 02:53:09'),
(7, 123, 'Prof. Kennedi Cummerata', 'Cupiditate aut consequatur saepe possimus dolores est voluptatum. Harum est harum architecto aut odit aut delectus. Voluptatem dolorem nulla vel quas similique perferendis reiciendis. Recusandae consequuntur quas accusamus.', 3, '2019-03-06 02:53:09', '2019-03-06 02:53:09'),
(8, 139, 'Justice Lindgren', 'Sunt voluptas commodi voluptatem. Est odit eos voluptate. Culpa soluta et vel sint est aut porro.', 2, '2019-03-06 02:53:09', '2019-03-06 02:53:09'),
(9, 137, 'Myrna Paucek DVM', 'Quasi nemo sit id incidunt vel occaecati aut. Omnis quo quo inventore labore. Fuga perspiciatis quae vitae. Minima non repudiandae assumenda voluptas distinctio dolor.', 0, '2019-03-06 02:53:09', '2019-03-06 02:53:09'),
(10, 131, 'Loren Rolfson II', 'Dicta aut sapiente sed rem magni quas maxime eum. Ut voluptatem aperiam omnis et. Excepturi facere animi et magni doloremque. Atque veniam est rerum sunt omnis reprehenderit.', 3, '2019-03-06 02:53:09', '2019-03-06 02:53:09'),
(11, 102, 'Verna Reilly', 'Corrupti consequatur autem perspiciatis rerum minima distinctio. Quas occaecati commodi eum reprehenderit porro deleniti et cupiditate. Quae eum expedita sequi omnis atque rerum ipsa et.', 5, '2019-03-06 02:53:09', '2019-03-06 02:53:09'),
(12, 121, 'Bailee Wilkinson', 'Mollitia totam quis cum labore magnam impedit. Ratione cum placeat et laudantium consequatur consequatur iure. Modi ipsum sapiente voluptatem culpa sit. Deleniti inventore ab non voluptates architecto tempore molestias perferendis. Aut sit consequatur eos qui voluptas.', 2, '2019-03-06 02:53:09', '2019-03-06 02:53:09'),
(13, 124, 'Prof. Amelia Stroman Jr.', 'Necessitatibus occaecati et nulla nobis aut minus sit et. Quia modi provident odio dignissimos. Excepturi et et quo. Eum aperiam porro cum natus. Consequatur vel aut voluptatibus consectetur pariatur.', 5, '2019-03-06 02:53:09', '2019-03-06 02:53:09'),
(14, 112, 'Devin Cole', 'Cumque non occaecati velit doloribus est. Debitis repudiandae nemo neque rerum expedita. Quis consectetur officiis est incidunt.', 3, '2019-03-06 02:53:09', '2019-03-06 02:53:09'),
(15, 120, 'Dr. Orie Nienow IV', 'Voluptates repudiandae doloribus unde aut dolorem eos perspiciatis. Eum dolores consectetur est sit nihil. Ducimus ut ratione voluptatem voluptatem. Enim nostrum ut ratione nulla reprehenderit soluta.', 1, '2019-03-06 02:53:09', '2019-03-06 02:53:09'),
(16, 135, 'Dr. Deshawn Kovacek Jr.', 'Qui ab repellendus amet iste. Doloremque aut amet et. Sint error laboriosam quia molestiae qui aut. In qui quaerat sed totam at.', 5, '2019-03-06 02:53:09', '2019-03-06 02:53:09'),
(17, 136, 'Dayton Nitzsche', 'Numquam labore corrupti in assumenda. Provident eos nobis et culpa non commodi explicabo. Et consequuntur molestiae ut molestias enim. Eligendi accusamus quisquam quam ipsa et sapiente.', 3, '2019-03-06 02:53:09', '2019-03-06 02:53:09'),
(18, 115, 'Dr. Kennedy Deckow I', 'Quidem laboriosam fugiat magnam occaecati quo eos. Quas qui officia molestiae minus aut corporis beatae.', 2, '2019-03-06 02:53:09', '2019-03-06 02:53:09'),
(19, 148, 'Mrs. Meagan Rice III', 'Voluptatibus id sed laborum odit quod reiciendis. Odio nemo sit nihil officiis a. Expedita ut amet delectus culpa.', 3, '2019-03-06 02:53:09', '2019-03-06 02:53:09'),
(20, 113, 'Zita Roob', 'Iure est ea aliquid quae. Fugit quo eaque dolor esse maiores nobis. Cum ut possimus atque provident odio saepe voluptates. Molestiae et cum praesentium maiores.', 0, '2019-03-06 02:53:09', '2019-03-06 02:53:09'),
(21, 104, 'Amelie Crona II', 'Omnis quia quo dolorem quia quod culpa labore. Temporibus reprehenderit qui fuga enim dolorem. Animi soluta voluptatibus sed repudiandae quaerat sapiente.', 2, '2019-03-06 02:53:09', '2019-03-06 02:53:09'),
(22, 122, 'Sabryna Stokes', 'Veritatis ducimus in dicta cum. Illo omnis et quod unde numquam. Et ea omnis eos beatae sit id.', 5, '2019-03-06 02:53:09', '2019-03-06 02:53:09'),
(23, 134, 'Mrs. Annetta Stark', 'Sed vero asperiores accusamus. Natus minus rem voluptas ad libero cumque. Repellendus ad dignissimos facere assumenda.', 2, '2019-03-06 02:53:09', '2019-03-06 02:53:09'),
(24, 131, 'Donny Mitchell', 'Nulla cumque tempora sit voluptatem voluptas quo. Temporibus optio id delectus tempore. Et aut nihil ea culpa.', 3, '2019-03-06 02:53:09', '2019-03-06 02:53:09'),
(25, 124, 'Mrs. Ashtyn Hamill', 'Dicta iste labore fugit delectus. Voluptatum reprehenderit ea modi non. Sit sit odit quaerat aliquam.', 5, '2019-03-06 02:53:09', '2019-03-06 02:53:09'),
(26, 147, 'Miguel McCullough', 'Enim autem quos molestiae in nobis qui. Sit dignissimos architecto quod et. Eos omnis numquam repudiandae sed. Tenetur quis unde harum at tempore magnam quos officiis.', 0, '2019-03-06 02:53:09', '2019-03-06 02:53:09'),
(27, 149, 'Vidal Brekke', 'At corporis porro ullam magnam. Illo eligendi sit laboriosam vel. Recusandae dolorem harum tempore quod porro ipsum. Rerum totam vitae sapiente deserunt.', 2, '2019-03-06 02:53:09', '2019-03-06 02:53:09'),
(28, 122, 'Alverta McLaughlin', 'Eaque facere explicabo possimus aut. Dolores ullam ipsum quas temporibus debitis sed. Facilis incidunt omnis non sequi et.', 1, '2019-03-06 02:53:09', '2019-03-06 02:53:09'),
(29, 146, 'Marcelo Larkin', 'Non deleniti ipsa nostrum ipsam voluptas. Tenetur aut nesciunt aut voluptas. Odit quia laborum reprehenderit rerum quidem. Voluptatum id id ut sunt sed occaecati. Suscipit sit fuga aut dignissimos et ut provident.', 2, '2019-03-06 02:53:09', '2019-03-06 02:53:09'),
(30, 121, 'Estelle Maggio', 'Quidem sit rerum velit ipsum culpa quia saepe suscipit. Est aut iusto impedit nihil aut. Porro voluptatibus ut illum asperiores rerum ut voluptates. Eius consequuntur ea voluptate non ut.', 5, '2019-03-06 02:53:09', '2019-03-06 02:53:09'),
(31, 110, 'Dr. Halle Douglas', 'Voluptatem dolorem quaerat unde ea vel. Alias rerum quia facere praesentium excepturi dolores. Ratione nemo blanditiis non necessitatibus adipisci. Voluptatum voluptas qui voluptatem.', 4, '2019-03-06 02:53:09', '2019-03-06 02:53:09'),
(32, 149, 'Delpha Frami', 'Temporibus aut quo dolorem deserunt rerum ipsa id quas. Dolorem velit modi est. Et quia rerum harum officiis.', 4, '2019-03-06 02:53:09', '2019-03-06 02:53:09'),
(33, 124, 'Leslie Jaskolski', 'Voluptatem illum est sunt velit numquam ex id sit. Voluptas praesentium reprehenderit quia rerum. Blanditiis laboriosam doloremque quo a id temporibus dolorem.', 2, '2019-03-06 02:53:09', '2019-03-06 02:53:09'),
(34, 127, 'Dr. Vern Wuckert II', 'Impedit voluptas praesentium et ipsa voluptatem voluptas dolores. Doloremque optio ipsum harum dolores itaque aut. Labore doloremque architecto cumque dicta rem adipisci sit. Est ut provident consectetur adipisci omnis libero id.', 0, '2019-03-06 02:53:09', '2019-03-06 02:53:09'),
(35, 138, 'Barney Block', 'Voluptate et sed hic temporibus ad nemo est. Inventore facilis dolorem a quo iusto. Animi error reprehenderit esse saepe rerum soluta neque. Velit fugiat ipsum hic cupiditate.', 0, '2019-03-06 02:53:09', '2019-03-06 02:53:09'),
(36, 117, 'Ms. Sydnee Strosin I', 'Hic quia iste eos eveniet corporis. Deleniti voluptatem et dolores omnis vitae nisi necessitatibus est. Omnis dolorem labore et aut quasi.', 5, '2019-03-06 02:53:09', '2019-03-06 02:53:09'),
(37, 142, 'Kirk Hartmann', 'Quibusdam est nostrum consequuntur expedita quae rerum. Est non nobis id nostrum. Harum molestiae quae quidem esse nostrum pariatur expedita est.', 4, '2019-03-06 02:53:09', '2019-03-06 02:53:09'),
(38, 128, 'Willis Hartmann I', 'Hic qui enim maiores ad iure. Architecto quo quae debitis cum voluptatum ad. Velit et voluptatem saepe. Eos vitae recusandae ratione minima corrupti beatae dolore.', 3, '2019-03-06 02:53:09', '2019-03-06 02:53:09'),
(39, 134, 'Branson Adams', 'Ut atque natus debitis recusandae. Dolor sed molestiae illo ea qui harum velit. Eos explicabo voluptatibus quis est magni iusto nesciunt. Tenetur rem voluptatibus eos ullam aspernatur laboriosam in. Et quia eveniet et sit voluptatem est nihil.', 4, '2019-03-06 02:53:09', '2019-03-06 02:53:09'),
(40, 131, 'Lily Hessel', 'Doloremque aut vel nisi quis delectus esse corrupti. Nulla quidem illo distinctio consequatur tempore alias voluptatem. Harum tempora dolores praesentium consequatur nemo doloremque et.', 5, '2019-03-06 02:53:09', '2019-03-06 02:53:09'),
(41, 125, 'Ray Rutherford I', 'Voluptates sint praesentium eum beatae. Est itaque ut placeat. Nihil vel iusto nisi ea quaerat omnis.', 0, '2019-03-06 02:53:09', '2019-03-06 02:53:09'),
(42, 119, 'Jacky Kuvalis DDS', 'Provident et amet non. Eius neque vero nostrum quasi tenetur et nulla ullam. Expedita sed aspernatur et ipsa quia sed ut et. Quidem natus minus autem vitae error.', 2, '2019-03-06 02:53:09', '2019-03-06 02:53:09'),
(43, 118, 'Kaylin Jerde DDS', 'Dolorem quidem ut ut quidem. At maxime dolor eum tenetur reiciendis in rerum. Neque omnis sed laboriosam aut consequatur accusantium et. Id facere dicta neque ut atque inventore. Nemo voluptatum maiores sit omnis.', 1, '2019-03-06 02:53:09', '2019-03-06 02:53:09'),
(44, 103, 'Miss Liza Auer', 'Aut sit laboriosam quos odio similique doloremque. Adipisci ratione inventore ea sit rem sed. Rerum hic sint quibusdam eligendi sit. Quos eos architecto placeat ut ipsa aut.', 0, '2019-03-06 02:53:09', '2019-03-06 02:53:09'),
(45, 105, 'Shayne Howe DVM', 'Illo sit ut et. Alias fugit iure molestias voluptatem ut commodi. Quo commodi beatae quae sint minima.', 4, '2019-03-06 02:53:09', '2019-03-06 02:53:09'),
(46, 147, 'Alisha Kreiger', 'Fuga iusto velit ratione amet quaerat. Nesciunt id sed iure sed. Ducimus omnis sed soluta expedita numquam provident voluptate consequatur.', 1, '2019-03-06 02:53:09', '2019-03-06 02:53:09'),
(47, 129, 'Mrs. Mittie Jacobs Jr.', 'Ut voluptate sit nihil quae quia ab debitis dolor. Excepturi provident omnis officia distinctio. Doloremque nemo suscipit ipsam doloribus. Necessitatibus est sunt laudantium.', 4, '2019-03-06 02:53:10', '2019-03-06 02:53:10'),
(48, 134, 'Schuyler Barrows', 'Tempora doloribus quisquam minima voluptatem voluptas amet cum. Quibusdam non ullam voluptas molestiae non eum. Et nisi excepturi placeat voluptatem. Quis similique officiis aut excepturi ut qui.', 3, '2019-03-06 02:53:10', '2019-03-06 02:53:10'),
(49, 140, 'Mr. Maverick Monahan III', 'Aut voluptatibus at omnis ut. Sed est eum quibusdam libero. Impedit provident ullam officiis assumenda.', 0, '2019-03-06 02:53:10', '2019-03-06 02:53:10'),
(50, 108, 'Adolph Macejkovic', 'Tempora quae ut exercitationem ullam recusandae. Pariatur illum earum molestiae id aut. Architecto animi aut quasi quia ipsam totam. Qui quae asperiores veniam veniam nulla.', 3, '2019-03-06 02:53:10', '2019-03-06 02:53:10'),
(51, 104, 'Blanche Ankunding', 'Excepturi officia dolore hic est qui debitis. Quisquam repellendus quis dolorem quo natus esse.', 2, '2019-03-06 02:53:10', '2019-03-06 02:53:10'),
(52, 112, 'Dr. Alexandra Keebler I', 'Maxime porro tenetur qui et voluptatem. Explicabo et assumenda velit dolores. Maxime nulla quae dolores autem. Incidunt maxime cumque molestiae sed eligendi.', 1, '2019-03-06 02:53:10', '2019-03-06 02:53:10'),
(53, 148, 'Carlos Dickens DDS', 'Dolores quae consequatur et est. Sed blanditiis nam aut consequatur omnis totam et. Ipsam qui temporibus in quasi fuga occaecati. At explicabo deleniti quo voluptate molestiae soluta.', 4, '2019-03-06 02:53:10', '2019-03-06 02:53:10'),
(54, 140, 'Sherman Wehner', 'Consectetur enim at molestiae nulla. Odio ea laborum omnis totam distinctio ut. Molestiae vel dolore corporis nesciunt sint omnis libero. Debitis omnis fuga quam quos.', 1, '2019-03-06 02:53:10', '2019-03-06 02:53:10'),
(55, 112, 'Raven Wiza', 'Dolores possimus at eos quo quis nesciunt necessitatibus tenetur. Sunt rerum voluptas asperiores ipsam. Incidunt doloremque molestias consequatur est nostrum. Quia minus odit exercitationem et.', 3, '2019-03-06 02:53:10', '2019-03-06 02:53:10'),
(56, 132, 'Aurelie Schmitt', 'Eius atque ad nemo quod quod corporis at. Ducimus nam adipisci ab at dolorum dicta. Et minima cum optio rerum non. Aut rerum sint exercitationem quidem porro.', 3, '2019-03-06 02:53:10', '2019-03-06 02:53:10'),
(57, 132, 'Mr. Marcellus Schmidt DDS', 'Dolorum et minima inventore. Eveniet repudiandae sit non dolorem accusamus recusandae quaerat. Necessitatibus incidunt perferendis aut necessitatibus iusto quis distinctio.', 5, '2019-03-06 02:53:10', '2019-03-06 02:53:10'),
(58, 111, 'Bo VonRueden', 'Sequi eveniet quos deleniti et quas a. Exercitationem eius provident officia ut.', 3, '2019-03-06 02:53:10', '2019-03-06 02:53:10'),
(59, 122, 'Shea Emmerich', 'Iusto vero necessitatibus labore quis sed occaecati. Quisquam nostrum laboriosam iste illum. Placeat error quo et veniam at veniam architecto exercitationem.', 2, '2019-03-06 02:53:10', '2019-03-06 02:53:10'),
(60, 122, 'Hettie Yost', 'Maiores maxime pariatur ut illum itaque. Voluptatem quae aut recusandae voluptatibus. Voluptates quos atque iusto autem numquam. Qui consequatur nisi odio nemo labore.', 4, '2019-03-06 02:53:10', '2019-03-06 02:53:10'),
(61, 139, 'Ms. Enola Harber', 'Ut minima nihil aliquid et quae animi necessitatibus. Iure vitae voluptatem veniam error voluptatem. Aut incidunt autem voluptatem sed. Consectetur voluptatem et voluptatum exercitationem at. Et repudiandae reiciendis aspernatur consequatur.', 0, '2019-03-06 02:53:10', '2019-03-06 02:53:10'),
(62, 134, 'Josiane Hayes I', 'Eligendi doloribus cumque sint rem illum. Distinctio iusto ex laudantium dignissimos quo quasi aut vel. Incidunt sed blanditiis impedit qui quae corporis sunt. Sit quia temporibus rerum reiciendis cum autem.', 2, '2019-03-06 02:53:10', '2019-03-06 02:53:10'),
(63, 108, 'Dr. Kailey Stiedemann II', 'Modi et quia asperiores vel. Sunt sed nam rem ullam deleniti vel et. Eveniet enim doloremque tempora officiis occaecati. Sit ut et quisquam vel ex.', 0, '2019-03-06 02:53:10', '2019-03-06 02:53:10'),
(64, 104, 'Grant Skiles', 'Reiciendis saepe dolore ut voluptate reprehenderit voluptate voluptatem. Ut harum velit adipisci voluptatem quia alias occaecati. Magni quibusdam et id molestias non reiciendis ut.', 5, '2019-03-06 02:53:10', '2019-03-06 02:53:10'),
(65, 137, 'Velva Feil', 'Voluptas eligendi nam laborum omnis minima. Ea in ducimus ea. Cupiditate officiis consectetur dolor quas illo. Molestiae suscipit soluta atque sed ut impedit optio. Sit quod voluptas iusto sed dolorem voluptatem autem.', 2, '2019-03-06 02:53:10', '2019-03-06 02:53:10'),
(66, 134, 'Lurline Tremblay V', 'Fugit dolores corrupti ut molestiae quos asperiores. Neque praesentium libero rerum exercitationem corrupti. Quia sit cupiditate facere ad nihil.', 0, '2019-03-06 02:53:10', '2019-03-06 02:53:10'),
(67, 101, 'Santino Borer', 'Possimus non totam et. Excepturi sit reiciendis consectetur sit voluptatem. Dolorem sit ea qui dolorum amet rerum quia. Possimus rerum harum minus beatae ratione veritatis commodi.', 3, '2019-03-06 02:53:10', '2019-03-06 02:53:10'),
(68, 101, 'Dr. Fritz McLaughlin', 'Odit officia id laudantium. Magni tenetur voluptatem ut reprehenderit. Sapiente illum dolores a suscipit et.', 0, '2019-03-06 02:53:10', '2019-03-06 02:53:10'),
(69, 123, 'Timothy Heidenreich', 'Minus esse sequi ea eum fuga provident expedita. Earum non alias dolorum impedit rem ut. Molestias neque omnis vero sit corrupti ut voluptas.', 2, '2019-03-06 02:53:10', '2019-03-06 02:53:10'),
(70, 110, 'Lillian Bednar', 'Voluptatem expedita eum voluptatem facilis eligendi sed iste enim. Aliquid esse pariatur dicta voluptates consequuntur officia. Facilis unde dolorum rerum eaque.', 0, '2019-03-06 02:53:10', '2019-03-06 02:53:10'),
(71, 107, 'Bailey Rogahn', 'Dolorum tenetur esse nulla et neque et qui aut. Sed beatae voluptatem fugiat non at ut molestiae voluptas. Omnis voluptatibus voluptatem quo ad dolorem quis.', 1, '2019-03-06 02:53:10', '2019-03-06 02:53:10'),
(72, 109, 'Phoebe Stamm', 'Et quia velit et quia aut molestias dolor. Facilis sunt sunt quo. Minima possimus consequatur ut molestias voluptatem id.', 1, '2019-03-06 02:53:10', '2019-03-06 02:53:10'),
(73, 140, 'Nolan Zemlak', 'Assumenda sapiente accusamus id quidem inventore ratione quia. Accusantium ducimus corporis facere in voluptatem quidem. Temporibus illo qui nisi sed aperiam voluptatem.', 3, '2019-03-06 02:53:10', '2019-03-06 02:53:10'),
(74, 140, 'Eli Morar', 'Ex vel et vel qui eos laborum aut. Enim sint repudiandae itaque molestiae. Natus consequatur aut quia rerum.', 4, '2019-03-06 02:53:10', '2019-03-06 02:53:10'),
(75, 138, 'Yesenia Bailey', 'Ipsa cupiditate doloremque placeat aliquam est. Similique eligendi est nihil modi. Velit consequatur voluptatibus ut atque consequatur quis omnis a.', 0, '2019-03-06 02:53:10', '2019-03-06 02:53:10'),
(76, 120, 'Jarrett Kessler', 'Repellat aut veniam velit in et. Dolor occaecati quidem quae dignissimos nihil distinctio animi. Voluptatem nulla nesciunt odit et.', 3, '2019-03-06 02:53:10', '2019-03-06 02:53:10'),
(77, 111, 'Abbie Rogahn', 'Unde nisi commodi at quasi. Repellat dicta rerum repudiandae soluta. Est magnam rerum velit eos voluptatem dicta rerum. Non et odit a saepe non voluptas.', 4, '2019-03-06 02:53:10', '2019-03-06 02:53:10'),
(78, 124, 'Mathias Moen', 'Laudantium illo ut expedita labore. Voluptatum consequatur autem architecto amet est debitis voluptas vitae. Perferendis assumenda ut sequi minus. In rerum quos est consequatur. Architecto reprehenderit voluptas facilis sed cum beatae ab.', 2, '2019-03-06 02:53:10', '2019-03-06 02:53:10'),
(79, 125, 'Geovany Murphy', 'Rem nihil quis quam qui rerum quia nisi. Magnam eveniet veritatis delectus quae. Impedit voluptatem itaque voluptatem dolore repellendus beatae. Repellendus pariatur adipisci delectus exercitationem earum blanditiis.', 4, '2019-03-06 02:53:10', '2019-03-06 02:53:10'),
(80, 107, 'Asa Mann', 'Possimus est eum dicta commodi. Odit voluptatum sed ut libero. Quo est suscipit est tempore commodi beatae. Sint est quos quo dolore itaque repellendus.', 2, '2019-03-06 02:53:10', '2019-03-06 02:53:10'),
(81, 115, 'Seamus O\'Conner', 'Molestias eum eos inventore perspiciatis. Est culpa libero a. Quibusdam culpa explicabo facere esse quaerat vel dolorum officiis.', 4, '2019-03-06 02:53:10', '2019-03-06 02:53:10'),
(82, 122, 'Gaylord Kirlin', 'Quia assumenda pariatur et. Quo quia suscipit ducimus corrupti. Earum qui consequatur ullam molestias inventore quis.', 1, '2019-03-06 02:53:10', '2019-03-06 02:53:10'),
(83, 129, 'Jaydon Hammes', 'Et cum consequuntur facere blanditiis voluptas. Laboriosam quo assumenda consectetur et error ipsum nostrum. Necessitatibus facilis praesentium placeat veniam id harum fuga. Optio dolor neque voluptas omnis maxime exercitationem iure. Est nulla quibusdam laudantium labore quasi.', 4, '2019-03-06 02:53:10', '2019-03-06 02:53:10'),
(84, 127, 'Mr. Armand Schimmel IV', 'Quia cumque dolor magnam earum eaque dolor ut. Quas illum numquam magni sapiente autem sit. Voluptatum numquam quos quia ducimus aperiam nostrum.', 1, '2019-03-06 02:53:10', '2019-03-06 02:53:10'),
(85, 129, 'Mose Moen III', 'Beatae voluptas et ullam beatae. Ex esse cum rerum culpa vel facilis.', 4, '2019-03-06 02:53:10', '2019-03-06 02:53:10'),
(86, 136, 'Ralph Sawayn', 'Quo veritatis dolorem impedit nostrum. Sit est et accusamus nam culpa dolorum aut. Deleniti molestiae dolor sit. Aspernatur ea cupiditate dolorem voluptas dolores dolores eius quo.', 3, '2019-03-06 02:53:10', '2019-03-06 02:53:10'),
(87, 144, 'Donavon Jones PhD', 'Doloremque quia sunt qui veniam. Aspernatur sunt omnis sapiente quos est. Quam expedita occaecati praesentium error omnis qui quia.', 3, '2019-03-06 02:53:10', '2019-03-06 02:53:10'),
(88, 132, 'Jaden Kozey', 'Atque adipisci accusamus temporibus voluptas vel praesentium ullam nesciunt. Omnis laudantium ab dolorum distinctio maxime facere. Harum sed harum dolores.', 0, '2019-03-06 02:53:10', '2019-03-06 02:53:10'),
(89, 149, 'Marcella Doyle', 'Dolores cum sit autem dolores. Quibusdam nihil velit optio nesciunt aut animi sunt. Quibusdam et deserunt iusto sit. Beatae voluptas est perferendis deserunt culpa.', 2, '2019-03-06 02:53:10', '2019-03-06 02:53:10'),
(90, 109, 'Norma Mayert II', 'Officiis ipsum recusandae ut similique qui praesentium hic dolores. Laboriosam laborum repellat ullam omnis. Expedita consequatur sint commodi quo. Quia expedita et neque repellendus eveniet.', 5, '2019-03-06 02:53:10', '2019-03-06 02:53:10'),
(91, 101, 'Alvis Runolfsdottir', 'Facere dignissimos in praesentium ut nemo et. Possimus rem consequatur corrupti quam aspernatur est omnis. Qui aspernatur a nostrum ut quis dolor. Molestiae iusto eum esse alias et omnis ullam.', 3, '2019-03-06 02:53:10', '2019-03-06 02:53:10'),
(92, 130, 'Zelda Fahey', 'Maiores porro eius qui alias. Vero quos enim beatae ea dignissimos aut. Quo aperiam earum ut dignissimos nam repudiandae consequatur. Explicabo ut suscipit nesciunt sint explicabo similique.', 1, '2019-03-06 02:53:10', '2019-03-06 02:53:10'),
(93, 102, 'Prof. Juston Bednar', 'Libero recusandae sunt voluptatum neque veritatis architecto quaerat. Voluptas veritatis assumenda ut. Consectetur repellat officia blanditiis ratione autem tempora quas.', 3, '2019-03-06 02:53:10', '2019-03-06 02:53:10'),
(94, 132, 'Virgie Kohler', 'Dolore ut molestias nihil est placeat repellat dicta. Provident fugit consectetur est ipsum omnis sapiente. Quam corrupti assumenda modi dicta debitis est. Ab sed ipsa qui et.', 2, '2019-03-06 02:53:10', '2019-03-06 02:53:10'),
(95, 119, 'Dr. Frances Nolan', 'Natus vitae praesentium accusantium rerum. Neque ab iste explicabo quo animi vel sed. Eos laborum sunt eligendi aut pariatur.', 3, '2019-03-06 02:53:10', '2019-03-06 02:53:10'),
(96, 117, 'Jaron Ledner IV', 'Repellendus facere necessitatibus qui deserunt. Voluptatibus et commodi doloribus consequatur quos dolores. Explicabo voluptatem accusantium maxime perferendis qui. Aliquid quis animi deleniti cum.', 1, '2019-03-06 02:53:10', '2019-03-06 02:53:10'),
(97, 101, 'Alfonzo Raynor', 'Aut doloribus in et similique sint. Nam magni unde perferendis fugiat. Excepturi dolorum officiis vero eos quis voluptates repudiandae. Voluptatum expedita quaerat similique est qui qui sit.', 1, '2019-03-06 02:53:10', '2019-03-06 02:53:10'),
(98, 129, 'Elmo Spinka', 'Quidem qui sit commodi dolores. Aut et dolorum sed quae consequuntur. Dolorem excepturi commodi assumenda nobis. Natus voluptatibus voluptatem ut omnis vel laudantium.', 5, '2019-03-06 02:53:10', '2019-03-06 02:53:10'),
(99, 105, 'Ms. Talia Green DVM', 'Porro sequi odio enim ipsum enim et iure. Nostrum vel culpa nisi. Quia iusto veniam eaque a.', 3, '2019-03-06 02:53:10', '2019-03-06 02:53:10'),
(100, 104, 'Marianna Koepp', 'Pariatur eveniet consequuntur quaerat. Praesentium non minima voluptas magni alias maxime. Qui ea a consequuntur et vel ut aut. Sunt adipisci sint laboriosam.', 4, '2019-03-06 02:53:10', '2019-03-06 02:53:10'),
(101, 111, 'Laurel Fay', 'Nihil atque ab porro voluptatem nihil et unde et. Mollitia neque non debitis dolorem explicabo. Provident recusandae qui ea aspernatur. Qui recusandae enim nisi et odio sapiente.', 0, '2019-03-06 02:53:10', '2019-03-06 02:53:10'),
(102, 103, 'Viviane Russel', 'Doloribus saepe quisquam consequatur illum voluptatem ex. Alias et ducimus accusamus voluptas est eos. Tempore id corporis exercitationem consequatur facilis impedit quos. Molestiae id dolor omnis non exercitationem nostrum qui. Veniam assumenda labore aut deserunt.', 5, '2019-03-06 02:53:10', '2019-03-06 02:53:10'),
(103, 145, 'Elody Goldner', 'Laboriosam qui dolorum sint repudiandae. Et qui in qui eligendi quo tempore. Velit et rerum aut dolorum expedita in et.', 0, '2019-03-06 02:53:10', '2019-03-06 02:53:10'),
(104, 127, 'Aubree Rodriguez V', 'Qui voluptatem sed assumenda eos. Ut amet quidem nihil officiis fugiat et nobis. Consequatur vel exercitationem omnis et.', 2, '2019-03-06 02:53:10', '2019-03-06 02:53:10'),
(105, 142, 'Ms. Odie Luettgen III', 'Enim quidem ut unde explicabo adipisci. Pariatur ratione accusantium vero a. Nihil fugiat expedita consequatur qui. Id ut voluptas adipisci adipisci fugit dolorum.', 2, '2019-03-06 02:53:10', '2019-03-06 02:53:10'),
(106, 134, 'Eloise Dare', 'Eveniet accusamus et harum. Est impedit rem sunt voluptates sint quia aut temporibus. Voluptatem consectetur nesciunt vitae blanditiis distinctio neque illum. Iste blanditiis ex pariatur pariatur eaque doloremque.', 3, '2019-03-06 02:53:10', '2019-03-06 02:53:10'),
(107, 131, 'Mr. Saige Rowe V', 'Tempore vel maiores aut labore doloribus repellat autem. Veritatis ipsum laboriosam suscipit ut nihil occaecati at. Ipsam sit voluptas aliquid laudantium non.', 1, '2019-03-06 02:53:10', '2019-03-06 02:53:10'),
(108, 104, 'Wade Robel', 'Omnis itaque quis optio nam et nisi nam. Provident numquam et consequatur voluptas autem quasi. Quia sit unde consequuntur rerum. Expedita eos mollitia dolorem voluptas.', 3, '2019-03-06 02:53:10', '2019-03-06 02:53:10'),
(109, 144, 'Elouise Bernhard', 'Asperiores voluptas nisi et qui. Nesciunt alias id ex. Quaerat dignissimos voluptate ad. Sit molestias sint molestiae natus nisi enim et.', 1, '2019-03-06 02:53:10', '2019-03-06 02:53:10'),
(110, 142, 'Carlo Breitenberg', 'Odit est nisi autem ea. Dolor dolores laudantium fugit ut consectetur eveniet quod mollitia. Repudiandae quas accusamus cumque ut.', 2, '2019-03-06 02:53:10', '2019-03-06 02:53:10'),
(111, 106, 'Dr. Chris Leffler DVM', 'Ut iste voluptatum voluptas odio aut consequatur exercitationem. Ab vitae ea aut cupiditate esse. Expedita id et excepturi quis laudantium ex dolore. Enim nemo libero facilis architecto fugit sed a.', 5, '2019-03-06 02:53:10', '2019-03-06 02:53:10'),
(112, 102, 'Vilma Kuphal', 'Aspernatur quo ipsum illum aliquid ut. Quia sint officia dolores eos ea. Aut mollitia eos reprehenderit impedit.', 5, '2019-03-06 02:53:10', '2019-03-06 02:53:10'),
(113, 108, 'Issac Fadel', 'Tenetur et a rerum aliquid dolorem et doloribus sit. Neque officiis et quia numquam. Quos voluptatem optio reiciendis velit. Tenetur ut libero iste. Et ut at in iste dolorem ipsa est labore.', 2, '2019-03-06 02:53:10', '2019-03-06 02:53:10'),
(114, 131, 'Cory Gorczany', 'Maiores quisquam asperiores in suscipit perspiciatis. Modi quas dolore sit incidunt. Sed alias exercitationem perspiciatis sit fugit saepe.', 4, '2019-03-06 02:53:10', '2019-03-06 02:53:10'),
(115, 112, 'Renee Lang', 'Voluptas non nulla est magnam. Adipisci soluta asperiores voluptatem. Voluptatum a velit iure ea perspiciatis. Et nisi laboriosam numquam rerum.', 3, '2019-03-06 02:53:10', '2019-03-06 02:53:10'),
(116, 137, 'Samanta Jakubowski V', 'Error excepturi qui ratione ut aut vitae reiciendis est. Et placeat ex iure praesentium possimus. Cumque officiis et nisi consequatur voluptatum aut.', 1, '2019-03-06 02:53:10', '2019-03-06 02:53:10'),
(117, 149, 'Miss Kattie Pfannerstill', 'Officia voluptas non nobis numquam similique eaque. Molestias eveniet sunt natus hic.', 4, '2019-03-06 02:53:10', '2019-03-06 02:53:10'),
(118, 140, 'Brendon Yost', 'Sit qui et aspernatur harum. Tempore quaerat quis porro placeat. Deserunt nobis perferendis voluptatem dolorem itaque. At doloremque dolore voluptas aut eum explicabo.', 2, '2019-03-06 02:53:10', '2019-03-06 02:53:10'),
(119, 145, 'Liza McCullough', 'Excepturi qui voluptatem numquam. Iusto dolor consequatur officia et eligendi animi. Nulla possimus tempora delectus velit. Ratione eum perspiciatis repudiandae eum et in.', 0, '2019-03-06 02:53:10', '2019-03-06 02:53:10'),
(120, 120, 'Diamond Mills', 'Unde ullam sit inventore consequatur. Facere optio nihil debitis quidem autem incidunt. Assumenda sed delectus ratione quidem.', 1, '2019-03-06 02:53:10', '2019-03-06 02:53:10'),
(121, 148, 'Malcolm Abernathy', 'Ab numquam debitis nihil numquam. Maxime velit veniam laborum voluptates quo hic. Et quibusdam a quos veritatis dolores est vel. Qui optio iste fuga cumque eos omnis.', 4, '2019-03-06 02:53:10', '2019-03-06 02:53:10'),
(122, 149, 'Jairo Roberts MD', 'Dolor voluptas magnam et explicabo. Quis illum voluptate cumque porro. Hic ullam cupiditate ipsum et sunt fuga aut nobis.', 3, '2019-03-06 02:53:10', '2019-03-06 02:53:10'),
(123, 135, 'Mackenzie Terry', 'Velit amet velit dolores incidunt. Ex omnis ut explicabo consequatur ut ea. Quis ipsam doloremque molestias perspiciatis. Fuga similique magnam quibusdam delectus omnis.', 5, '2019-03-06 02:53:10', '2019-03-06 02:53:10'),
(124, 130, 'Modesta Keebler', 'Saepe voluptatum debitis quia exercitationem rerum distinctio. Quia sapiente est eos a. Atque ex rerum velit expedita laboriosam minus. Officia quam voluptates aut.', 2, '2019-03-06 02:53:10', '2019-03-06 02:53:10'),
(125, 145, 'Nasir Ullrich', 'Perspiciatis consectetur quisquam et architecto quis quia amet. Architecto provident nisi ut et. Tempora dolore maxime neque explicabo nesciunt eum natus quaerat. Culpa provident minus maiores consequuntur.', 3, '2019-03-06 02:53:10', '2019-03-06 02:53:10'),
(126, 138, 'Olen Bartoletti MD', 'Nobis eligendi qui nostrum ut vel. Esse dignissimos eveniet nobis ad perspiciatis.', 1, '2019-03-06 02:53:10', '2019-03-06 02:53:10'),
(127, 143, 'Anastacio Muller DDS', 'Quia et ut dignissimos et et tempora hic commodi. Occaecati nisi libero harum magni voluptates et. Tenetur pariatur cum saepe dolorem non cupiditate totam.', 5, '2019-03-06 02:53:10', '2019-03-06 02:53:10'),
(128, 113, 'Marianna Marvin PhD', 'Sapiente non nihil ducimus sunt similique cumque voluptatem. Quis facere enim asperiores incidunt vero sunt non. Et ab est temporibus animi corporis. Quae ut officia minima aliquid fugiat ea.', 0, '2019-03-06 02:53:10', '2019-03-06 02:53:10'),
(129, 118, 'Chance Heidenreich', 'Et architecto error ullam in incidunt. Ea neque odit voluptas tenetur. Aliquam excepturi cupiditate dolor magnam molestias voluptatem. Amet sit recusandae dicta error.', 4, '2019-03-06 02:53:10', '2019-03-06 02:53:10'),
(130, 115, 'Nicklaus Spinka', 'Omnis repellendus voluptatem rerum. Officiis quia rem tenetur molestiae aut eaque impedit et. Similique eos nemo qui et ullam debitis.', 3, '2019-03-06 02:53:10', '2019-03-06 02:53:10'),
(131, 136, 'Prof. Leila Lesch V', 'Natus consectetur ipsum facere ea reprehenderit occaecati dolorem. Eos necessitatibus non reprehenderit non iusto vel cupiditate. Non est culpa omnis sed saepe nam et. Mollitia perspiciatis consectetur odio quia in.', 2, '2019-03-06 02:53:10', '2019-03-06 02:53:10'),
(132, 107, 'Colton Kulas', 'Porro voluptas dicta est dignissimos et. Vitae animi mollitia accusamus similique recusandae. Dicta laboriosam ea voluptas consectetur quidem praesentium dignissimos alias.', 1, '2019-03-06 02:53:10', '2019-03-06 02:53:10'),
(133, 111, 'Mrs. Mafalda Kozey', 'Autem magnam consequatur quia cumque aliquid dolorem. Nihil quia maxime tenetur.', 1, '2019-03-06 02:53:10', '2019-03-06 02:53:10'),
(134, 118, 'Kaley Sipes', 'Excepturi similique voluptatem qui natus. Voluptatem et inventore nihil sit. Totam sint omnis quia quia id.', 4, '2019-03-06 02:53:10', '2019-03-06 02:53:10'),
(135, 146, 'Maggie Treutel', 'Rem ipsa amet error velit. Et quia soluta at molestiae dolorem aspernatur. Error eos eum aut ipsam commodi molestiae at. Possimus aut sapiente molestiae explicabo nulla qui possimus est.', 3, '2019-03-06 02:53:10', '2019-03-06 02:53:10'),
(136, 144, 'Jennyfer Paucek', 'Sapiente nulla dolores nobis aut. Ea explicabo iusto qui ut. Sed nam velit id qui sunt consectetur quos.', 2, '2019-03-06 02:53:10', '2019-03-06 02:53:10'),
(137, 104, 'Wyman Kub MD', 'Dolorem corporis aut nemo illum. Vel placeat sunt in ipsam maiores. Et doloribus et repellat molestiae iste fugiat non soluta. Eos sunt ea rerum sint similique in.', 3, '2019-03-06 02:53:10', '2019-03-06 02:53:10'),
(138, 118, 'Prof. Floy Corwin I', 'Mollitia ut et qui delectus beatae laboriosam architecto. Aliquam id eveniet consequatur sapiente. Rerum quia rerum et cum est sunt occaecati distinctio.', 1, '2019-03-06 02:53:10', '2019-03-06 02:53:10'),
(139, 149, 'Kiley Kutch', 'Animi laboriosam error eius minima dolores. Ut aliquid earum mollitia molestias facere. Aut est cum laboriosam tempore consequatur.', 1, '2019-03-06 02:53:10', '2019-03-06 02:53:10'),
(140, 147, 'Mr. Drake Powlowski', 'Enim qui totam saepe omnis. Iusto nihil earum voluptatum cum. Doloremque non consequuntur illum in. Fugiat qui autem doloribus modi. Veritatis ut commodi quis rerum autem.', 0, '2019-03-06 02:53:10', '2019-03-06 02:53:10'),
(141, 110, 'Friedrich Kautzer', 'Vel et repellendus veniam in et autem possimus. Incidunt omnis tenetur autem ipsum sunt. Ut consequatur sunt animi quia sint autem. Animi voluptas sed rerum quam facilis quisquam delectus.', 0, '2019-03-06 02:53:10', '2019-03-06 02:53:10'),
(142, 106, 'Octavia Ziemann', 'Explicabo dolorem quo dicta hic quisquam commodi explicabo. Dolorem ut neque doloremque animi. Iste sint distinctio neque consequatur expedita. Odit similique dolorem qui veniam ratione non. Quos illo repudiandae earum quibusdam est aliquam nemo sequi.', 2, '2019-03-06 02:53:10', '2019-03-06 02:53:10'),
(143, 123, 'Lambert Conroy', 'Hic reiciendis incidunt unde placeat voluptate minus aut. Aperiam qui non cupiditate omnis hic. Aut et deserunt vel et recusandae.', 1, '2019-03-06 02:53:10', '2019-03-06 02:53:10'),
(144, 117, 'Pink O\'Reilly', 'Vero aut sequi doloremque quis. Veniam dolor nobis et debitis. Doloremque officia non recusandae.', 4, '2019-03-06 02:53:10', '2019-03-06 02:53:10'),
(145, 140, 'Laurence Cole', 'Expedita nesciunt eveniet reiciendis magni ea illo laboriosam. Deserunt veniam magni sit. Nemo ducimus vero nihil quaerat quod provident aut. Maxime recusandae beatae ut. Saepe omnis necessitatibus iste nisi.', 1, '2019-03-06 02:53:10', '2019-03-06 02:53:10'),
(146, 113, 'Jerrold Rogahn', 'Voluptas odio quaerat cupiditate vel ut harum. Perferendis minus enim et dignissimos quis impedit expedita. Recusandae veniam beatae quasi rerum molestiae. Aperiam cum saepe dolorem libero quae.', 2, '2019-03-06 02:53:10', '2019-03-06 02:53:10'),
(147, 106, 'Arden Bechtelar PhD', 'Deserunt laborum veritatis et sapiente illum veniam. Dicta non a nisi aut qui facilis rerum. Quo tempora nam dicta id. Dolorem molestias aut dolores architecto excepturi placeat. Et fugiat est aliquam.', 5, '2019-03-06 02:53:10', '2019-03-06 02:53:10'),
(148, 123, 'Prof. Olga Green', 'Reiciendis nesciunt et cupiditate commodi dolor aspernatur. Cum vitae veniam nostrum est consequatur. Et maxime maiores aut cupiditate.', 5, '2019-03-06 02:53:10', '2019-03-06 02:53:10'),
(149, 144, 'Prof. Elna Torp Jr.', 'Minus odio enim maiores cumque sunt nulla rerum fugiat. Ullam cumque dolores veniam voluptatem porro autem voluptatum vero.', 1, '2019-03-06 02:53:10', '2019-03-06 02:53:10'),
(150, 114, 'Dr. Elnora Prosacco', 'Voluptates rem nobis ut et rerum. Ut tempore nisi libero dignissimos. Voluptas et non nobis quo. Sit eos similique illo libero a.', 1, '2019-03-06 02:53:10', '2019-03-06 02:53:10'),
(151, 111, 'Vilma Corwin', 'Eveniet optio quasi quia autem et temporibus molestias. Consequuntur et maxime eum quas minus nihil quidem. Voluptatem quia quia alias mollitia.', 4, '2019-03-06 02:53:10', '2019-03-06 02:53:10'),
(152, 141, 'Andreane Legros', 'Porro omnis rerum ipsa velit vero eveniet. Omnis voluptatibus repudiandae alias inventore. Voluptatem ea minus blanditiis ut harum vel facilis rem. Consequatur enim ut sint ab sunt ullam.', 1, '2019-03-06 02:53:10', '2019-03-06 02:53:10'),
(153, 137, 'Prof. Keegan Franecki', 'Rerum aut eligendi sint non vitae rerum. Iusto nihil non ea cupiditate aperiam et commodi. Cupiditate voluptatem ipsam est eum deleniti.', 0, '2019-03-06 02:53:10', '2019-03-06 02:53:10'),
(154, 139, 'Theresa Wunsch', 'Quidem id eos autem commodi magnam quia. Aut neque ea perferendis dolorum error quidem ea eligendi. Saepe deserunt aut expedita accusantium culpa consectetur cumque. Consequuntur et quas autem quisquam quia aliquam qui.', 5, '2019-03-06 02:53:10', '2019-03-06 02:53:10'),
(155, 128, 'Ilene Klocko', 'Tenetur quasi fugiat temporibus error non id minima neque. Non nisi sint voluptas dolorum. Ut aut reiciendis non dicta sed est magnam rem.', 4, '2019-03-06 02:53:10', '2019-03-06 02:53:10'),
(156, 109, 'Mrs. Bettie Bruen PhD', 'Mollitia molestiae sequi quas earum sint. Modi numquam error quia nemo exercitationem deserunt. Nihil ipsam qui soluta rerum labore ducimus. Odit debitis dicta dolor cupiditate.', 0, '2019-03-06 02:53:10', '2019-03-06 02:53:10'),
(157, 142, 'Dr. Akeem Mohr', 'Esse voluptatibus quibusdam quisquam culpa nisi omnis. Veniam sit perferendis quia. Et facere saepe architecto temporibus nobis assumenda et eaque. Nam a sit sunt non illum eligendi voluptate rerum.', 4, '2019-03-06 02:53:10', '2019-03-06 02:53:10'),
(158, 103, 'Colten Emard', 'Voluptates inventore rerum ducimus magni est quia. Quis tenetur maxime consequatur tempora ea.', 5, '2019-03-06 02:53:10', '2019-03-06 02:53:10'),
(159, 143, 'Miss Karolann Shanahan DVM', 'Porro et reiciendis ut nobis id. Doloremque quia id molestiae adipisci sequi. Dignissimos perspiciatis maiores omnis omnis quas consequatur.', 2, '2019-03-06 02:53:10', '2019-03-06 02:53:10'),
(160, 106, 'Flavie Maggio', 'Inventore omnis error consequatur pariatur quidem consequatur accusantium nam. Autem ipsa velit et ex. Ratione vero laborum autem ducimus corrupti. Quae sequi cum delectus non. Ipsam officia consequatur dolorum beatae fuga quos asperiores.', 3, '2019-03-06 02:53:10', '2019-03-06 02:53:10'),
(161, 137, 'Mackenzie Barton', 'Perspiciatis eos animi reiciendis. Voluptatem laborum totam consectetur voluptatibus est. Laboriosam sequi rerum illum dolorem dolor. Qui laboriosam omnis fugit excepturi. Sint voluptatem consequatur iusto dolorum ea aliquid consectetur.', 4, '2019-03-06 02:53:10', '2019-03-06 02:53:10'),
(162, 147, 'Jeromy Eichmann Sr.', 'Eaque impedit rerum alias aliquid molestias. Quia voluptas quaerat a laudantium voluptatum voluptatem dolores. Inventore quae quidem velit et omnis. Expedita qui omnis sunt commodi praesentium.', 2, '2019-03-06 02:53:10', '2019-03-06 02:53:10'),
(163, 136, 'Rosalia Champlin', 'Non tempore sunt vitae commodi in tempore sit. Error ducimus beatae aspernatur quia reiciendis. Quo maiores necessitatibus ut neque.', 4, '2019-03-06 02:53:10', '2019-03-06 02:53:10'),
(164, 129, 'Danielle Kunde', 'Aspernatur vel qui quam voluptas labore facilis magni. Distinctio unde rerum est pariatur. Temporibus est laudantium omnis libero omnis beatae a.', 3, '2019-03-06 02:53:10', '2019-03-06 02:53:10'),
(165, 142, 'Dr. Kellen Stamm', 'Recusandae praesentium est aut occaecati. Et quia sunt nesciunt iure voluptate quo. Culpa rerum quia reprehenderit ex pariatur dignissimos rerum.', 5, '2019-03-06 02:53:10', '2019-03-06 02:53:10'),
(166, 131, 'Kim Hills', 'Et eos recusandae libero hic nostrum fugit corrupti. Velit laudantium dicta beatae distinctio reprehenderit enim. Maxime nesciunt expedita dolore.', 4, '2019-03-06 02:53:10', '2019-03-06 02:53:10'),
(167, 114, 'Mr. Roosevelt Rath', 'Repudiandae laudantium quasi eum aperiam quod commodi. Omnis vel molestiae ad. Recusandae rerum reprehenderit maiores eius enim. Hic omnis rerum quia velit.', 5, '2019-03-06 02:53:10', '2019-03-06 02:53:10'),
(168, 115, 'Elyssa Hodkiewicz', 'Nam alias a ullam quia. Natus non aut et iure enim atque quod omnis. Alias reiciendis perferendis odit et. Eaque nihil quis nulla voluptas soluta. Repellendus quam saepe et labore.', 0, '2019-03-06 02:53:10', '2019-03-06 02:53:10'),
(169, 146, 'Sallie McDermott', 'Et blanditiis numquam omnis. Maxime praesentium quis et est. Delectus architecto totam aut quod quibusdam voluptatum.', 2, '2019-03-06 02:53:10', '2019-03-06 02:53:10'),
(170, 125, 'Dr. Gianni Beahan DDS', 'Et veniam libero natus dolorem maiores. Aut est nihil sit.', 4, '2019-03-06 02:53:10', '2019-03-06 02:53:10'),
(171, 123, 'Xavier Halvorson', 'Nihil sed saepe assumenda distinctio qui optio. Sequi similique ut aut est cupiditate ullam. Magnam totam similique voluptatem dignissimos enim amet voluptatem ratione.', 5, '2019-03-06 02:53:10', '2019-03-06 02:53:10'),
(172, 122, 'Camren Rohan', 'Ut ea nemo dolorem est magnam. Vel velit sint saepe voluptatem voluptates harum iusto. Aspernatur doloremque dolorem vero autem debitis. Odio sunt voluptatibus qui similique pariatur eos reprehenderit.', 3, '2019-03-06 02:53:10', '2019-03-06 02:53:10'),
(173, 109, 'Adelbert Cronin I', 'Ad consequuntur magnam dicta praesentium ut voluptatem est. Perspiciatis voluptatem placeat quos dolor veritatis rerum assumenda accusantium. Laudantium aliquam consectetur voluptatibus deleniti dolores sunt.', 0, '2019-03-06 02:53:10', '2019-03-06 02:53:10'),
(174, 130, 'Valentin Rolfson DVM', 'Quia perferendis eligendi et officia itaque excepturi. Maiores sed quidem deserunt illo.', 5, '2019-03-06 02:53:10', '2019-03-06 02:53:10'),
(175, 137, 'Miss Effie Mann V', 'Ipsum officia quia dolor dolor commodi molestiae. Beatae saepe sit voluptas non voluptas. Ut sit maxime veritatis enim totam expedita. Velit et velit et sint quis natus delectus.', 0, '2019-03-06 02:53:10', '2019-03-06 02:53:10'),
(176, 133, 'Dr. Chad Farrell', 'Veritatis ut nihil ut facilis esse rerum. Quis minus officiis mollitia eum.', 0, '2019-03-06 02:53:10', '2019-03-06 02:53:10'),
(177, 119, 'Mrs. Hildegard Williamson', 'Ad unde cum voluptatem amet fuga voluptatem optio. Sed sunt eligendi qui ullam. Sunt quia sequi non possimus nemo eveniet cum. Omnis et quia et fugiat quia. Quis minus enim inventore doloremque voluptas excepturi.', 5, '2019-03-06 02:53:10', '2019-03-06 02:53:10'),
(178, 126, 'Zena Kshlerin', 'Enim fuga expedita eveniet est iste consequatur cumque. Et quaerat est at. Expedita doloremque nemo sunt voluptatum velit magni. Doloribus architecto quaerat iure aut.', 2, '2019-03-06 02:53:10', '2019-03-06 02:53:10'),
(179, 149, 'Justine Cartwright', 'Facere hic error sint. Praesentium dolorem debitis molestiae et tempore fugit quo. Non amet consequatur ipsum et autem quae et.', 1, '2019-03-06 02:53:10', '2019-03-06 02:53:10'),
(180, 148, 'Dr. Maudie Langosh DVM', 'Inventore reprehenderit in quaerat consequatur eum. Et eos accusantium nihil sit dolores. Fuga eaque optio quisquam a perspiciatis quibusdam asperiores. Necessitatibus sunt illum iste autem.', 1, '2019-03-06 02:53:10', '2019-03-06 02:53:10'),
(181, 110, 'Glenna Douglas', 'Et quos sed numquam quibusdam rerum aut. Voluptatem iusto quidem qui voluptas. Qui est facilis hic temporibus beatae adipisci facere quae. Laboriosam reprehenderit numquam similique odit.', 2, '2019-03-06 02:53:10', '2019-03-06 02:53:10'),
(182, 127, 'Darron Hudson', 'Cupiditate quod perferendis voluptatem ut et. Aut commodi sit officia quo molestias. Autem eligendi rerum ipsam quaerat. Omnis velit deserunt ipsam recusandae enim porro sed.', 2, '2019-03-06 02:53:10', '2019-03-06 02:53:10'),
(183, 138, 'Mrs. Kaitlin Windler', 'Aperiam tenetur voluptate cum. Harum exercitationem quis nostrum aut laborum omnis. Aut enim a neque nisi.', 5, '2019-03-06 02:53:10', '2019-03-06 02:53:10'),
(184, 112, 'Dr. Shanna Jaskolski', 'Nobis maiores illo similique dolores dolores autem. Qui vel recusandae sit fugit quis magnam explicabo.', 0, '2019-03-06 02:53:10', '2019-03-06 02:53:10'),
(185, 128, 'Alec Schamberger', 'Velit earum non consequatur odit sit. Exercitationem accusantium dolor aut sint qui officiis. Ea possimus nihil et quis in velit dolorum.', 4, '2019-03-06 02:53:10', '2019-03-06 02:53:10'),
(186, 106, 'Lenora Steuber', 'Quidem consequatur ad autem facere molestiae illum et quia. Sint quaerat ratione voluptatem qui est. Autem dolor dolor cupiditate quibusdam delectus.', 1, '2019-03-06 02:53:10', '2019-03-06 02:53:10'),
(187, 101, 'Prof. Josue Frami', 'At aliquid sint voluptatem iusto. Et quibusdam voluptates ex voluptatum. Laboriosam aliquid consequatur quia dignissimos velit sapiente et. Quia voluptatem reprehenderit id qui rerum inventore saepe.', 0, '2019-03-06 02:53:10', '2019-03-06 02:53:10'),
(188, 107, 'Earline Leffler', 'Enim iure temporibus explicabo quis nam. Sed aut officia voluptatem quam est at vitae quo. Aperiam ab perferendis ab aliquam.', 1, '2019-03-06 02:53:10', '2019-03-06 02:53:10'),
(189, 117, 'Corene Bruen', 'Dolor tempore accusantium assumenda nulla totam excepturi recusandae nobis. Dolore vel distinctio eum cupiditate dolorum facere. Modi vel qui sapiente dolorum omnis accusantium officia. Unde aspernatur accusantium deleniti est error.', 1, '2019-03-06 02:53:10', '2019-03-06 02:53:10'),
(190, 131, 'Maiya Erdman', 'Id maiores nesciunt dolores fuga minima impedit unde. Dolorem eum dolorem non corrupti itaque. Molestias labore rerum id ipsum iste. Non nihil a dolor nam tenetur eos.', 4, '2019-03-06 02:53:10', '2019-03-06 02:53:10'),
(191, 117, 'Jessyca Murazik', 'Explicabo earum id ea voluptas quia. Id aspernatur enim eum qui sit et amet. Voluptatum omnis autem molestiae corrupti voluptates voluptas. Eum doloribus eveniet totam. Quos aut occaecati ut ut non.', 5, '2019-03-06 02:53:10', '2019-03-06 02:53:10'),
(192, 102, 'Brenda Abbott', 'At ipsam animi sint sit dolores omnis. Commodi quis et assumenda corrupti modi. Veritatis totam voluptatem quasi.', 1, '2019-03-06 02:53:10', '2019-03-06 02:53:10'),
(193, 129, 'Kaitlyn Torp', 'Dolores necessitatibus consequatur omnis numquam quae. Nobis quis blanditiis hic aspernatur cum. Similique quas cum odio rerum impedit molestiae et officia. Deserunt qui ipsa velit quod dicta et velit.', 5, '2019-03-06 02:53:10', '2019-03-06 02:53:10'),
(194, 119, 'Abigale Kihn', 'Velit pariatur voluptatum vel quia et. Et facilis quia deserunt aliquam illum neque libero. Autem qui quaerat voluptatem praesentium voluptates consequatur et.', 5, '2019-03-06 02:53:10', '2019-03-06 02:53:10'),
(195, 109, 'Miss Ashlee White V', 'Id maiores inventore dolores hic perspiciatis ipsum ea. Fugiat aut quam recusandae dolor dicta qui. Fuga magnam doloremque dolorum sapiente quas aut et.', 4, '2019-03-06 02:53:10', '2019-03-06 02:53:10'),
(196, 107, 'Olin Lowe I', 'Optio ut deserunt porro. Consectetur a fuga sint provident iusto. Mollitia nihil quis adipisci possimus.', 2, '2019-03-06 02:53:10', '2019-03-06 02:53:10'),
(197, 103, 'Richmond Green', 'Dignissimos et consequatur est dignissimos. Eos sint sed enim quo sunt consequatur. Praesentium possimus harum tempora nemo repellat ut. Adipisci occaecati omnis dolorem hic non debitis eos.', 2, '2019-03-06 02:53:10', '2019-03-06 02:53:10'),
(198, 147, 'Johnson Hansen I', 'Quam sunt omnis minima vel ab cumque et. Doloremque omnis cum ab sed et occaecati tempore. Minima quasi enim sunt maxime expedita. Odio quae sunt adipisci maxime autem expedita.', 4, '2019-03-06 02:53:10', '2019-03-06 02:53:10'),
(199, 124, 'Winona DuBuque', 'Explicabo vel non hic reprehenderit est aut enim. Iure minima dolores accusamus assumenda. Ut tempora amet inventore nisi dignissimos fuga quo. Illo tempora autem non rerum mollitia explicabo rerum voluptas.', 3, '2019-03-06 02:53:10', '2019-03-06 02:53:10'),
(200, 143, 'Caterina Mayert', 'Deleniti alias quibusdam ea reprehenderit et. Placeat minus sed expedita voluptatem eaque. Rerum dolor nostrum illum vel cum esse.', 2, '2019-03-06 02:53:10', '2019-03-06 02:53:10'),
(201, 119, 'Anastasia Bauch', 'Quia voluptatem sapiente et. Magnam iure omnis voluptatibus rerum laudantium est facere. Ratione suscipit enim mollitia ullam ut ratione. Praesentium minus deserunt tempore aut dolores eveniet libero.', 5, '2019-03-06 02:53:10', '2019-03-06 02:53:10'),
(202, 128, 'Ruth O\'Kon', 'Soluta nihil aut ut nihil a labore. Odio totam qui beatae consequatur consequuntur perspiciatis ut.', 3, '2019-03-06 02:53:10', '2019-03-06 02:53:10'),
(203, 132, 'Mrs. Stefanie Pfannerstill DVM', 'Repellendus quos non corporis voluptas ut. Tempore rerum praesentium voluptatem aut deleniti.', 5, '2019-03-06 02:53:10', '2019-03-06 02:53:10'),
(204, 114, 'Henderson Shanahan', 'Quaerat quibusdam natus facilis nobis ut iusto enim. Atque id quo illum error deleniti vel voluptas. Ipsa laboriosam eaque ipsa minus iusto necessitatibus occaecati. Quaerat fuga hic quia nisi sunt. Quia neque reiciendis voluptas.', 3, '2019-03-06 02:53:10', '2019-03-06 02:53:10'),
(205, 128, 'Jesus Bradtke', 'Ratione fugit praesentium nisi delectus dolor. Atque esse maiores sunt expedita iusto. Commodi qui et quo quo eaque et corrupti. Similique culpa hic expedita aut assumenda odit nostrum.', 2, '2019-03-06 02:53:10', '2019-03-06 02:53:10'),
(206, 102, 'Pink Hermiston', 'Explicabo dolorem magnam eligendi eveniet nemo et. Quam aut sit doloribus. Ullam autem consequatur ipsum expedita sunt.', 4, '2019-03-06 02:53:10', '2019-03-06 02:53:10');
INSERT INTO `reviews` (`id`, `product_id`, `customer`, `review`, `star`, `created_at`, `updated_at`) VALUES
(207, 110, 'Jake Rohan', 'Nisi quasi mollitia quia voluptas autem. Ullam rerum est omnis culpa consequatur quo sapiente. Voluptas excepturi earum in laborum sunt.', 1, '2019-03-06 02:53:10', '2019-03-06 02:53:10'),
(208, 129, 'Rosamond Ziemann', 'Aliquid voluptatem aut rerum et repellat natus quia. Dolorum reiciendis impedit molestias quidem. Repellat aspernatur totam dolor excepturi dolore harum ab.', 4, '2019-03-06 02:53:10', '2019-03-06 02:53:10'),
(209, 110, 'Julia Wisoky', 'Doloribus optio aut quo molestiae. Dignissimos ipsum earum pariatur. Voluptatem nam placeat porro deleniti provident.', 3, '2019-03-06 02:53:10', '2019-03-06 02:53:10'),
(210, 135, 'Emely Botsford', 'Voluptatem hic officia nesciunt quasi. Distinctio atque eos laudantium. Et nulla deserunt et asperiores ea ipsum. Autem excepturi et non non eos consequatur eius.', 0, '2019-03-06 02:53:10', '2019-03-06 02:53:10'),
(211, 118, 'Alycia Weissnat', 'Dolorem nisi molestiae temporibus. Atque et autem voluptates earum. Et qui aspernatur aut accusamus quibusdam nisi itaque.', 4, '2019-03-06 02:53:10', '2019-03-06 02:53:10'),
(212, 130, 'Percy Kemmer', 'Nulla nesciunt tempora officiis aut velit qui praesentium. Harum non ut eaque vel recusandae deleniti enim. Minus nesciunt culpa vitae qui asperiores voluptates unde.', 0, '2019-03-06 02:53:10', '2019-03-06 02:53:10'),
(213, 122, 'Aaliyah Cartwright', 'Minima et qui a repellat. Temporibus voluptate non qui expedita perspiciatis natus.', 4, '2019-03-06 02:53:10', '2019-03-06 02:53:10'),
(214, 125, 'Dr. Jadon Wisozk V', 'At quidem et doloribus consectetur dolore veniam aperiam. Ullam ut delectus corporis a rerum aut est. Consequatur vel reprehenderit voluptatem necessitatibus quia blanditiis. Asperiores pariatur quis placeat itaque.', 4, '2019-03-06 02:53:10', '2019-03-06 02:53:10'),
(215, 140, 'Mrs. Cara Walsh IV', 'Explicabo est quibusdam in laborum quasi. Architecto quis placeat et possimus. Autem totam eligendi voluptas sapiente voluptatibus tempore doloremque.', 2, '2019-03-06 02:53:10', '2019-03-06 02:53:10'),
(216, 149, 'Mr. Olin Rolfson', 'Vitae natus in fugiat quasi repellat et. Doloribus rerum dolorem pariatur delectus rem aliquam molestiae placeat. Non sit et repellendus pariatur repellat ipsa.', 5, '2019-03-06 02:53:10', '2019-03-06 02:53:10'),
(217, 137, 'Prof. Marlee Nitzsche Jr.', 'Magnam sint non est reprehenderit. Error quasi eum quia libero minima dolor sunt. Atque quam voluptatem odio possimus. Ad qui quod possimus labore animi.', 3, '2019-03-06 02:53:10', '2019-03-06 02:53:10'),
(218, 115, 'Hayley Beer', 'Repellat enim magnam non. Id veniam sit libero corrupti quis. Consequatur voluptas maxime magni soluta sed voluptatibus illum.', 1, '2019-03-06 02:53:10', '2019-03-06 02:53:10'),
(219, 147, 'Maxwell Koch', 'Ipsam sunt sed voluptatibus qui sed non. Laudantium vel id unde nemo voluptas quae voluptatem ea. Voluptatibus consequatur ad repellendus voluptatem et neque.', 5, '2019-03-06 02:53:10', '2019-03-06 02:53:10'),
(220, 109, 'Quinn Huels', 'Et assumenda quia aut cum. Non voluptatem molestiae quo.', 4, '2019-03-06 02:53:10', '2019-03-06 02:53:10'),
(221, 139, 'Miracle Lesch', 'Accusantium sapiente vero fuga beatae voluptatem omnis nisi. Sed impedit voluptatem consequuntur quia. Repudiandae quod magni sapiente fugiat ipsum adipisci blanditiis.', 1, '2019-03-06 02:53:10', '2019-03-06 02:53:10'),
(222, 111, 'Hubert Davis', 'Illo quod incidunt sit hic est aut. Architecto inventore voluptatum aut sit nisi. Molestiae atque quam nihil.', 0, '2019-03-06 02:53:10', '2019-03-06 02:53:10'),
(223, 115, 'Theo Bosco III', 'Blanditiis aut itaque quas id. Cumque aut quia sit sapiente facilis.', 0, '2019-03-06 02:53:10', '2019-03-06 02:53:10'),
(224, 134, 'Cheyanne Lowe', 'Omnis perspiciatis iure commodi omnis nihil laboriosam ipsum. Ab culpa beatae iure voluptatum laboriosam assumenda reiciendis.', 3, '2019-03-06 02:53:10', '2019-03-06 02:53:10'),
(225, 129, 'Christop Kassulke', 'Rem saepe pariatur aut fugiat fugiat minus. Qui labore a ad voluptates maxime rerum illum. Ducimus est veniam eum repellendus reprehenderit quae.', 3, '2019-03-06 02:53:10', '2019-03-06 02:53:10'),
(226, 138, 'Ally Streich', 'Minus cupiditate nulla perspiciatis error. Sequi ea est nam cumque voluptate porro. Ullam aliquid praesentium eaque quae illo. Qui et qui temporibus.', 2, '2019-03-06 02:53:10', '2019-03-06 02:53:10'),
(227, 130, 'Elsie Mante', 'Eaque dicta in dolores dicta. Voluptate sed omnis velit a. Voluptate corrupti consequatur quaerat quo mollitia ratione. Dicta at voluptas corrupti enim saepe et.', 4, '2019-03-06 02:53:10', '2019-03-06 02:53:10'),
(228, 109, 'Marielle Roberts', 'Omnis tempore ab architecto illum inventore. Earum harum corporis commodi iusto velit esse rerum. Libero enim et minus eos est. Rerum totam est inventore error.', 1, '2019-03-06 02:53:10', '2019-03-06 02:53:10'),
(229, 126, 'Thad Tillman', 'Voluptas et dicta asperiores saepe. Et aliquid recusandae non consequatur aperiam amet qui delectus. Enim aperiam voluptas rerum vel voluptas eius. Quaerat vero ut saepe voluptas placeat ad et.', 0, '2019-03-06 02:53:10', '2019-03-06 02:53:10'),
(230, 129, 'Damaris Fritsch II', 'Repellendus asperiores reprehenderit sed quo. Eveniet eum incidunt laboriosam delectus sapiente. Necessitatibus neque itaque est dolorem velit quam. Consequatur aspernatur voluptatem laudantium.', 4, '2019-03-06 02:53:10', '2019-03-06 02:53:10'),
(231, 129, 'Dr. Alexzander O\'Hara', 'Id similique dolorem dolor sequi. Quas impedit ea magnam consequuntur. Repellendus incidunt in in modi.', 2, '2019-03-06 02:53:10', '2019-03-06 02:53:10'),
(232, 136, 'Antonetta Lemke', 'Quaerat sit iusto dolores quis labore similique. Maxime accusantium quia facilis. Veniam nisi assumenda blanditiis et voluptatem suscipit debitis voluptatem.', 1, '2019-03-06 02:53:10', '2019-03-06 02:53:10'),
(233, 142, 'Miss Elva Swift', 'Qui nemo accusantium voluptas. Facere ut voluptatum laborum omnis ullam eos. Impedit voluptatem non consequatur dolor consequatur veritatis. Iusto ut blanditiis doloremque quis.', 0, '2019-03-06 02:53:10', '2019-03-06 02:53:10'),
(234, 104, 'Jakob Cruickshank', 'Impedit adipisci est amet pariatur soluta ut sapiente. Exercitationem dolor dicta est minima enim. Mollitia sint minima optio dolor dolore delectus sunt.', 4, '2019-03-06 02:53:10', '2019-03-06 02:53:10'),
(235, 116, 'Mustafa Reinger', 'Omnis atque facere illum impedit non. Quae dolorum hic veritatis quasi iste sit quo. Quis maxime a sed quasi cupiditate voluptatem. Fugiat vel nobis et magni est.', 3, '2019-03-06 02:53:10', '2019-03-06 02:53:10'),
(236, 133, 'Miss Juana Botsford Sr.', 'Atque nihil illum saepe ad magnam. Est at temporibus officiis officia autem. Et nulla aut in voluptatem. Aut dolorem nemo dolorum beatae quis.', 1, '2019-03-06 02:53:10', '2019-03-06 02:53:10'),
(237, 101, 'Ms. Missouri Fisher V', 'Consequatur quis enim quis. Non repellat est laudantium quis quisquam. Veniam modi voluptates nihil exercitationem dicta iusto. Est et ipsa sunt repellendus suscipit.', 2, '2019-03-06 02:53:10', '2019-03-06 02:53:10'),
(238, 139, 'Mariela Sporer', 'Et ipsa ullam officia dolorum nesciunt. Et ipsam omnis omnis. Perferendis tempora tempore quo rerum.', 5, '2019-03-06 02:53:10', '2019-03-06 02:53:10'),
(239, 138, 'Quinton Feeney', 'Libero consequatur cumque doloremque magni deleniti nesciunt. Et iste officia voluptatem adipisci. Vitae consequatur itaque minima officia sit quo. Expedita qui unde voluptatem quisquam.', 1, '2019-03-06 02:53:10', '2019-03-06 02:53:10'),
(240, 137, 'Hillary Schinner II', 'Est enim sunt et dolor odit. Temporibus voluptas asperiores rem accusamus vitae maxime. Porro illo consectetur dolor animi ab quod et. Quos qui voluptatum tempore dignissimos est. Aut culpa qui vero reiciendis.', 3, '2019-03-06 02:53:10', '2019-03-06 02:53:10'),
(241, 116, 'Kallie Nienow', 'Magnam pariatur et a dolor et necessitatibus tempora. Suscipit aspernatur laborum numquam. Illum ipsum quia placeat autem ipsa doloremque voluptas sunt. Impedit qui voluptas quisquam similique non tenetur.', 5, '2019-03-06 02:53:10', '2019-03-06 02:53:10'),
(242, 121, 'August Lang', 'Repudiandae dolorum dolorem incidunt placeat. Culpa impedit sed iusto quia sapiente. Et dicta dolore iste ab. Qui est eligendi expedita occaecati eligendi.', 5, '2019-03-06 02:53:10', '2019-03-06 02:53:10'),
(243, 146, 'Frankie Lind', 'Autem quis ea praesentium deserunt. Ut nostrum perferendis laboriosam debitis quia impedit illo reprehenderit. Et eum est sunt consequuntur enim. Repellendus ea harum ipsam eos.', 4, '2019-03-06 02:53:10', '2019-03-06 02:53:10'),
(244, 147, 'Christiana Will', 'Ab et sint expedita libero itaque vel. Optio voluptatibus qui totam illo dolore. Minima quo et libero expedita.', 2, '2019-03-06 02:53:10', '2019-03-06 02:53:10'),
(245, 103, 'Mr. Kurt Kovacek III', 'Aut illo fugiat in molestias quo. Cum autem atque dolores nobis officia eum vitae. Perspiciatis illo sit quo quisquam reiciendis dolorum necessitatibus. Iste omnis exercitationem et aut non cum sint voluptas.', 0, '2019-03-06 02:53:10', '2019-03-06 02:53:10'),
(246, 123, 'Tania Schmeler Sr.', 'Omnis est aliquam vitae non et excepturi ipsa et. Eum rem velit tempore sed et. Molestiae consectetur ad esse aspernatur eos odio. Atque illo sed eius qui et rerum rem. Et qui id ut nobis maxime reprehenderit quia.', 3, '2019-03-06 02:53:10', '2019-03-06 02:53:10'),
(247, 111, 'Lottie Mann', 'Officia blanditiis at odio est incidunt et autem at. Et veniam praesentium tempore et commodi. Dolorem doloribus animi dolore laboriosam.', 3, '2019-03-06 02:53:10', '2019-03-06 02:53:10'),
(248, 127, 'Ashlee Gibson', 'Sunt voluptate atque voluptas itaque aliquid. Et ut et hic est iure est quidem adipisci. Quo repellat iusto possimus ab tempora. Repudiandae illum qui voluptatem dolorem voluptatem sint est.', 0, '2019-03-06 02:53:10', '2019-03-06 02:53:10'),
(249, 133, 'Imelda Koepp', 'Rerum quisquam et aut aspernatur. Aspernatur qui in eligendi ullam est odit. Et accusantium amet architecto aperiam suscipit magni. Voluptatem recusandae sunt quaerat omnis ullam quos consequatur nobis.', 1, '2019-03-06 02:53:10', '2019-03-06 02:53:10'),
(250, 109, 'Orin Medhurst DDS', 'Dolore illo beatae illum doloribus. Ratione amet et dolorem recusandae soluta aspernatur dignissimos. Maxime inventore vitae libero doloribus. Labore cumque vero eos omnis.', 2, '2019-03-06 02:53:10', '2019-03-06 02:53:10'),
(251, 114, 'Ms. Alvera Wolf', 'Quisquam aut quod eligendi sint pariatur autem ipsam. Laudantium quam est placeat sit rerum sed.', 1, '2019-03-06 02:53:10', '2019-03-06 02:53:10'),
(252, 132, 'Kristoffer Becker', 'Nam eos sed minus rem. Ipsa voluptas ut quis saepe at sed fugiat. Officia officia quidem recusandae totam quae aut et.', 4, '2019-03-06 02:53:10', '2019-03-06 02:53:10'),
(253, 102, 'Prof. Omer Treutel', 'Repellendus et ut commodi libero modi nihil esse. Quasi reprehenderit maxime ipsa quod repudiandae ipsum quisquam. Possimus ut aliquam in fugiat. Facilis suscipit debitis modi est.', 4, '2019-03-06 02:53:10', '2019-03-06 02:53:10'),
(254, 101, 'Prof. Kaci Parker', 'Voluptas veritatis ut non aut. Voluptate eum consequatur neque eos et. Ipsam dolorem ea et. Aut tenetur ipsum excepturi alias necessitatibus quia.', 4, '2019-03-06 02:53:10', '2019-03-06 02:53:10'),
(255, 128, 'Odie Turner', 'Cumque dolorum sed quasi blanditiis. Omnis repellat ut nulla rerum ullam. Doloribus nemo sunt neque.', 1, '2019-03-06 02:53:10', '2019-03-06 02:53:10'),
(256, 102, 'Olaf Klein', 'Facere expedita nobis reprehenderit excepturi. Sequi fugiat ut dolores quia odit debitis. Odio debitis in molestiae architecto sit libero. Voluptate itaque nihil dignissimos alias maxime.', 2, '2019-03-06 02:53:10', '2019-03-06 02:53:10'),
(257, 127, 'Lilla Lockman', 'Non sint omnis voluptatem quos vitae consequatur. Aut voluptatem dolorum nam quisquam at dolores.', 3, '2019-03-06 02:53:10', '2019-03-06 02:53:10'),
(258, 106, 'Irving Jerde DDS', 'Numquam alias deleniti qui qui dolor ab. Consequatur asperiores ipsam omnis accusamus inventore harum praesentium. Nesciunt asperiores minima sapiente.', 2, '2019-03-06 02:53:10', '2019-03-06 02:53:10'),
(259, 110, 'Eliza Shanahan', 'Eius vel atque veniam reiciendis. Et id voluptate omnis. Quidem laborum et est velit vitae.', 5, '2019-03-06 02:53:10', '2019-03-06 02:53:10'),
(260, 139, 'Antwon Fahey', 'Quia maxime architecto dolorem temporibus. Et in est sunt culpa exercitationem harum. Corrupti ut ut rem et ipsum. Cupiditate quo voluptas dolorum voluptate non.', 5, '2019-03-06 02:53:10', '2019-03-06 02:53:10'),
(261, 130, 'Pearlie Wiegand DVM', 'Ratione illo nemo aut magni. Molestiae labore necessitatibus dolores qui nemo aperiam veniam. Itaque optio rerum consequatur fugiat numquam minus voluptatem.', 4, '2019-03-06 02:53:10', '2019-03-06 02:53:10'),
(262, 137, 'Stewart Ondricka', 'Ea fuga aspernatur placeat consequatur incidunt. Atque quos voluptas et voluptatem voluptas rem. Cum aut non aut molestias sapiente iste. Minus consectetur exercitationem laudantium voluptate quia ea.', 5, '2019-03-06 02:53:10', '2019-03-06 02:53:10'),
(263, 139, 'Dr. Andres Bergnaum', 'Dolores rerum explicabo debitis veniam omnis ut magni. Est neque quia qui. Minus voluptas animi magnam nihil. Porro maxime deserunt totam ex.', 1, '2019-03-06 02:53:10', '2019-03-06 02:53:10'),
(264, 146, 'Mr. Maximilian Buckridge V', 'Modi explicabo earum dolorum eos occaecati ut id dolore. Quas culpa molestiae nihil ab. Perspiciatis itaque qui est nobis vel velit sint. Optio ad ut ut ut iure quia laboriosam consequatur. Sed alias nihil ut.', 1, '2019-03-06 02:53:10', '2019-03-06 02:53:10'),
(265, 145, 'Winston Daugherty', 'Eius impedit autem qui animi. Perferendis eum amet consequuntur impedit voluptas quis error. Repellendus accusantium sed maiores omnis. Suscipit omnis magnam atque nihil. In repellat qui commodi in.', 5, '2019-03-06 02:53:10', '2019-03-06 02:53:10'),
(266, 148, 'Keely Hickle', 'Placeat ad sit numquam sint in aliquam aliquam ipsum. Quia ipsam sint rerum officiis corrupti. Tempora nostrum iusto quia. Ut debitis inventore numquam omnis quo non.', 3, '2019-03-06 02:53:10', '2019-03-06 02:53:10'),
(267, 134, 'Bettye DuBuque', 'Ipsa voluptatem amet explicabo molestiae ab nihil. Commodi quis laudantium amet ut. Et sint sunt officia placeat et. Voluptates eum qui laborum a.', 5, '2019-03-06 02:53:10', '2019-03-06 02:53:10'),
(268, 150, 'Horacio Anderson', 'Vel sed mollitia fugiat eum praesentium. Cumque quia perferendis aspernatur animi. Est earum aut molestiae ut eveniet fugiat.', 0, '2019-03-06 02:53:10', '2019-03-06 02:53:10'),
(269, 113, 'Zena Erdman', 'Nobis enim est aliquid nihil. Aspernatur cum id voluptas. Deleniti ex dolor quod architecto qui. Alias sequi accusamus aliquam voluptate illo quaerat ducimus.', 2, '2019-03-06 02:53:10', '2019-03-06 02:53:10'),
(270, 134, 'Dr. Brendon Tillman', 'Laudantium perferendis necessitatibus ex voluptate cum quo nesciunt odit. Dolore alias dolor ad maxime. Quidem quasi ut sed impedit ipsum illo ullam.', 3, '2019-03-06 02:53:10', '2019-03-06 02:53:10'),
(271, 125, 'Cristal Keeling', 'Quidem quisquam odit aspernatur et. Nostrum in aliquam sed nobis quaerat alias quam.', 1, '2019-03-06 02:53:10', '2019-03-06 02:53:10'),
(272, 106, 'Woodrow Haag II', 'Tempore qui enim quae dolor qui beatae. Sunt possimus similique minima voluptatem accusamus adipisci aut. Ut voluptatem ad nobis modi blanditiis impedit quo. Eveniet alias quia aut qui asperiores optio sed.', 1, '2019-03-06 02:53:10', '2019-03-06 02:53:10'),
(273, 142, 'Shaylee Brown', 'Et ea qui et eum. Eius sit quisquam fugiat quos alias. Ut in dolore dolores dolores a. Eius deserunt inventore possimus ducimus ipsa et.', 4, '2019-03-06 02:53:10', '2019-03-06 02:53:10'),
(274, 116, 'Kaci Kreiger', 'Delectus facilis soluta molestias deserunt et. Quos excepturi quia autem vel hic. Expedita minima ipsam nihil et. Rerum eaque omnis ullam asperiores architecto.', 4, '2019-03-06 02:53:10', '2019-03-06 02:53:10'),
(275, 145, 'Torrey Rippin', 'Vel voluptas ut mollitia quia. Corporis velit omnis id reiciendis qui id incidunt. Quos sint ea sint iusto.', 1, '2019-03-06 02:53:10', '2019-03-06 02:53:10'),
(276, 122, 'Mr. Devyn Volkman', 'Deserunt molestiae aut facilis a iure cumque dolores voluptates. Hic iusto explicabo eum minima. Temporibus autem et et vitae.', 3, '2019-03-06 02:53:10', '2019-03-06 02:53:10'),
(277, 105, 'Amya Friesen', 'Velit repellendus placeat et ut quibusdam. Recusandae laborum inventore nemo omnis consequatur dolor hic autem. In qui voluptatem totam aut ratione et et sed.', 1, '2019-03-06 02:53:10', '2019-03-06 02:53:10'),
(278, 132, 'Vita Oberbrunner', 'Non voluptatibus est autem. Et amet consequatur voluptate fugiat. In fuga corrupti dolorem adipisci et maxime maxime.', 2, '2019-03-06 02:53:10', '2019-03-06 02:53:10'),
(279, 128, 'Mathew Carroll', 'Magnam tempora non maiores sed aliquid nostrum error. Sed ea rerum rem possimus quo. Dolorum sed repudiandae sed itaque. Amet id similique praesentium excepturi illo dolorem.', 1, '2019-03-06 02:53:10', '2019-03-06 02:53:10'),
(280, 127, 'Anahi Bruen', 'Possimus et magnam error deserunt temporibus ut corrupti. Voluptas adipisci tenetur consequatur et numquam aut. Aut alias necessitatibus rem dolores reprehenderit id. Sunt optio dolores quia blanditiis in.', 2, '2019-03-06 02:53:10', '2019-03-06 02:53:10'),
(281, 140, 'Amir Rice', 'Perferendis consequatur laborum voluptas alias voluptatem. Sapiente qui facilis nisi odio rem nisi vitae est. Ipsam libero voluptatem quia maiores.', 1, '2019-03-06 02:53:10', '2019-03-06 02:53:10'),
(282, 146, 'Prof. Wilburn Hartmann Jr.', 'Unde assumenda amet atque. Et exercitationem corrupti hic enim amet. Neque magnam nam repudiandae eos omnis.', 5, '2019-03-06 02:53:10', '2019-03-06 02:53:10'),
(283, 141, 'Lempi Lemke', 'Sed animi ut sit laudantium fugiat et. Omnis distinctio nesciunt ab sit magni. Et cumque similique voluptatibus delectus omnis. Est quidem occaecati recusandae aut incidunt accusamus animi.', 3, '2019-03-06 02:53:10', '2019-03-06 02:53:10'),
(284, 137, 'Lilian Hintz', 'Velit expedita et hic accusantium distinctio exercitationem alias et. Provident corporis aspernatur voluptate in. Eum laborum ea eum cum aut quas impedit eius.', 5, '2019-03-06 02:53:10', '2019-03-06 02:53:10'),
(285, 146, 'Ms. Alda Wuckert Jr.', 'Rerum qui vitae ut aut et aut voluptatem nihil. Repellendus est adipisci sint quisquam natus quasi illum. Voluptas consequatur in occaecati dignissimos at iste non. Consequatur aliquid autem assumenda eaque omnis ut.', 0, '2019-03-06 02:53:10', '2019-03-06 02:53:10'),
(286, 107, 'Mr. Henry Volkman', 'Molestias facere voluptas deserunt voluptas illum omnis voluptatem natus. Dolorem incidunt cupiditate et impedit ex.', 0, '2019-03-06 02:53:10', '2019-03-06 02:53:10'),
(287, 125, 'Russel Moore', 'Laborum dolorum soluta aut vero laudantium. Et esse voluptatibus illo eius laborum odit. Dignissimos iste accusantium et omnis ullam ea qui.', 1, '2019-03-06 02:53:10', '2019-03-06 02:53:10'),
(288, 131, 'Nikko Botsford', 'Aut possimus assumenda explicabo accusantium nisi placeat consequatur. Modi illo sunt fuga occaecati natus voluptatem. Quas magni optio veritatis qui mollitia maiores. Dolorum explicabo non vel nihil error.', 2, '2019-03-06 02:53:10', '2019-03-06 02:53:10'),
(289, 120, 'Freida Roberts', 'Quia ipsa nesciunt non iure autem ab aut non. Et et a maxime molestiae earum. Numquam quis inventore repellat ipsum numquam non. Enim et nihil sunt ratione beatae exercitationem.', 0, '2019-03-06 02:53:10', '2019-03-06 02:53:10'),
(290, 107, 'Rodolfo Bogan', 'Atque debitis sunt atque molestiae qui. Fugiat nam quod est quaerat repellat totam illo. Quaerat iste saepe consequatur ipsa molestias id. Non sed in ea quisquam.', 4, '2019-03-06 02:53:10', '2019-03-06 02:53:10'),
(291, 105, 'June Block', 'Rerum autem enim optio sint quis eius. Quaerat eum blanditiis rerum illo. Veniam magni in et natus perspiciatis est sit quibusdam. Et molestiae dolor quam repellat nesciunt.', 2, '2019-03-06 02:53:10', '2019-03-06 02:53:10'),
(292, 141, 'Mr. Vito Braun III', 'Enim facilis adipisci ut dolorum aut et deleniti. Et laboriosam animi sit mollitia repellendus asperiores occaecati. Quos facere voluptates reiciendis numquam sit est.', 5, '2019-03-06 02:53:10', '2019-03-06 02:53:10'),
(293, 107, 'Prof. Jensen Schaden', 'Modi animi sit inventore non facilis. Ea veniam sunt suscipit consequatur quis officiis deleniti.', 3, '2019-03-06 02:53:10', '2019-03-06 02:53:10'),
(294, 116, 'Alda Grant', 'Deserunt et qui beatae quis ipsum non. Sapiente repellat omnis odio voluptatem nam. Recusandae porro perspiciatis harum.', 2, '2019-03-06 02:53:10', '2019-03-06 02:53:10'),
(295, 105, 'Dr. Schuyler VonRueden', 'Exercitationem facilis occaecati qui voluptatem quam occaecati. Ipsa sit adipisci velit voluptas. Blanditiis tenetur voluptas distinctio impedit.', 5, '2019-03-06 02:53:10', '2019-03-06 02:53:10'),
(296, 105, 'Arlene Bosco DVM', 'Eum aut quis suscipit omnis odio laboriosam dolor. Dolorum qui veniam maxime sint animi sunt. Aliquid vitae necessitatibus quis quidem.', 1, '2019-03-06 02:53:10', '2019-03-06 02:53:10'),
(297, 111, 'Mohamed Rogahn', 'Dolorem et eum quis molestias id alias soluta. Vitae ut non qui porro numquam doloribus. Fuga est qui omnis esse quis.', 2, '2019-03-06 02:53:10', '2019-03-06 02:53:10'),
(298, 105, 'Eloise Hickle', 'Occaecati totam nemo illum sunt earum sit doloribus. Est aperiam repellendus non quia quisquam asperiores ut beatae. Eveniet necessitatibus minima temporibus architecto corporis. Dicta nulla totam ducimus reiciendis assumenda perspiciatis.', 0, '2019-03-06 02:53:10', '2019-03-06 02:53:10'),
(299, 132, 'Ms. Jolie Mueller', 'Dolorum sit rerum non enim et. Ut deserunt fugiat rerum. Velit esse vitae sit debitis.', 0, '2019-03-06 02:53:10', '2019-03-06 02:53:10'),
(300, 119, 'Waylon Altenwerth', 'Quisquam est ipsum rerum laudantium autem voluptate. Neque architecto laudantium quasi ut tempora. Sunt saepe quidem qui deserunt eos voluptatem a.', 2, '2019-03-06 02:53:10', '2019-03-06 02:53:10');

-- --------------------------------------------------------

--
-- Table structure for table `users`
--

CREATE TABLE `users` (
  `id` bigint(20) UNSIGNED NOT NULL,
  `name` varchar(255) COLLATE utf8mb4_unicode_ci NOT NULL,
  `email` varchar(255) COLLATE utf8mb4_unicode_ci NOT NULL,
  `email_verified_at` timestamp NULL DEFAULT NULL,
  `password` varchar(255) COLLATE utf8mb4_unicode_ci NOT NULL,
  `remember_token` varchar(100) COLLATE utf8mb4_unicode_ci DEFAULT NULL,
  `created_at` timestamp NULL DEFAULT NULL,
  `updated_at` timestamp NULL DEFAULT NULL
) ENGINE=InnoDB DEFAULT CHARSET=utf8mb4 COLLATE=utf8mb4_unicode_ci;

--
-- Indexes for dumped tables
--

--
-- Indexes for table `migrations`
--
ALTER TABLE `migrations`
  ADD PRIMARY KEY (`id`);

--
-- Indexes for table `password_resets`
--
ALTER TABLE `password_resets`
  ADD KEY `password_resets_email_index` (`email`);

--
-- Indexes for table `products`
--
ALTER TABLE `products`
  ADD PRIMARY KEY (`id`);

--
-- Indexes for table `reviews`
--
ALTER TABLE `reviews`
  ADD PRIMARY KEY (`id`),
  ADD KEY `reviews_product_id_index` (`product_id`);

--
-- Indexes for table `users`
--
ALTER TABLE `users`
  ADD PRIMARY KEY (`id`),
  ADD UNIQUE KEY `users_email_unique` (`email`);

--
-- AUTO_INCREMENT for dumped tables
--

--
-- AUTO_INCREMENT for table `migrations`
--
ALTER TABLE `migrations`
  MODIFY `id` int(10) UNSIGNED NOT NULL AUTO_INCREMENT, AUTO_INCREMENT=5;

--
-- AUTO_INCREMENT for table `products`
--
ALTER TABLE `products`
  MODIFY `id` int(10) UNSIGNED NOT NULL AUTO_INCREMENT, AUTO_INCREMENT=151;

--
-- AUTO_INCREMENT for table `reviews`
--
ALTER TABLE `reviews`
  MODIFY `id` int(10) UNSIGNED NOT NULL AUTO_INCREMENT, AUTO_INCREMENT=301;

--
-- AUTO_INCREMENT for table `users`
--
ALTER TABLE `users`
  MODIFY `id` bigint(20) UNSIGNED NOT NULL AUTO_INCREMENT;

--
-- Constraints for dumped tables
--

--
-- Constraints for table `reviews`
--
ALTER TABLE `reviews`
  ADD CONSTRAINT `reviews_product_id_foreign` FOREIGN KEY (`product_id`) REFERENCES `products` (`id`) ON DELETE CASCADE;
COMMIT;

/*!40101 SET CHARACTER_SET_CLIENT=@OLD_CHARACTER_SET_CLIENT */;
/*!40101 SET CHARACTER_SET_RESULTS=@OLD_CHARACTER_SET_RESULTS */;
/*!40101 SET COLLATION_CONNECTION=@OLD_COLLATION_CONNECTION */;
